dataset,model,train_epochs,selectionType,order,HessType,approxType,run,orig_trainset_size,delta,epsilon,l2_reg,val_acc_before,val_loss_before,scrub_list,n_removals,bad_sample,time,val_acc_after,val_loss_after,sample_loss_before,sample_loss_after,sample_gradnorm_before,sample_gradnorm_after,slices_to_update,y_true
mnist,LogisticRegressor,50,Full,Hessian,Sekhari,FD,1,60000,0.01,0.1,0.01,0.8939,0.37592079723253846,[15281],0,0,1712890927.1323926,0.8938,0.37819975735619665,0.0,0.0,3.7147637439029355e-13,3.917510500632513e-13,10,2
mnist,LogisticRegressor,50,Full,Hessian,Sekhari,FD,1,60000,0.01,0.1,0.01,0.8939,0.37592079723253846,[21435],1,0,1712890935.2226508,0.8931,0.3779853455722332,0.0,0.0,1.981901702089429e-12,1.6915509111554944e-12,10,5
mnist,LogisticRegressor,50,Full,Hessian,Sekhari,FD,1,60000,0.01,0.1,0.01,0.8939,0.37592079723253846,[44536],2,0,1712890942.853465,0.8924,0.3817751094698906,33.446815490722656,33.99549865722656,56.47975581133604,56.47975581133604,10,4
mnist,LogisticRegressor,50,Full,Hessian,Sekhari,FD,1,60000,0.01,0.1,0.01,0.8939,0.37592079723253846,[13518],3,0,1712890950.3601718,0.8906,0.38770661819726226,0.0,0.0,3.83456575289984e-13,3.0099816301710933e-13,10,0
mnist,LogisticRegressor,50,Full,Hessian,Sekhari,FD,1,60000,0.01,0.1,0.01,0.8939,0.37592079723253846,[47529],4,0,1712890957.1623857,0.8892,0.3882864523679018,0.0,0.0,3.690101628225855e-12,3.733450318663979e-12,10,7
mnist,LogisticRegressor,50,Full,Hessian,Sekhari,FD,1,60000,0.01,0.1,0.01,0.8939,0.37592079723253846,[53560],5,0,1712890964.544845,0.8892,0.3906778500415385,0.0,0.0,2.3340231725375515e-13,2.31123230627986e-13,10,0
mnist,LogisticRegressor,50,Full,Hessian,Sekhari,FD,1,60000,0.01,0.1,0.01,0.8939,0.37592079723253846,[41094],6,0,1712890971.461446,0.8889,0.3947400478646159,0.0,0.0,3.80984077013203e-14,4.044902561289648e-14,10,3
mnist,LogisticRegressor,50,Full,Hessian,Sekhari,FD,1,60000,0.01,0.1,0.01,0.8939,0.37592079723253846,[6060],7,0,1712890978.419478,0.8902,0.3907493234612048,34.37710189819336,34.50257110595703,57.30336519959712,57.30336519959712,10,3
mnist,LogisticRegressor,50,Full,Hessian,Sekhari,FD,1,60000,0.01,0.1,0.01,0.8939,0.37592079723253846,[9358],8,0,1712890985.7601297,0.8877,0.39819640163332226,0.0,0.0,2.4361944556628416e-13,2.3118303933418573e-13,10,4
mnist,LogisticRegressor,50,Full,Hessian,Sekhari,FD,1,60000,0.01,0.1,0.01,0.8939,0.37592079723253846,[49039],9,0,1712890993.11553,0.889,0.3965206607244909,0.0,0.0,1.972837006493414e-14,1.8500027448555097e-14,10,2
mnist,LogisticRegressor,50,Full,Hessian,Sekhari,FD,1,60000,0.01,0.1,0.01,0.8939,0.37592079723253846,[57207],10,0,1712891000.4628537,0.8889,0.39553002137690785,0.0,0.0,2.5590879785756538e-11,1.9467716902827376e-11,10,1
mnist,LogisticRegressor,50,Full,Hessian,Sekhari,FD,1,60000,0.01,0.1,0.01,0.8939,0.37592079723253846,[9870],11,0,1712891007.4757237,0.8888,0.39071756415069103,0.0,0.0,6.849450396216711e-12,4.930165576641444e-12,10,1
mnist,LogisticRegressor,50,Full,Hessian,Sekhari,FD,1,60000,0.01,0.1,0.01,0.8939,0.37592079723253846,[11395],12,0,1712891015.0954614,0.8889,0.39233118891716,0.0,0.0,6.964362553346612e-12,9.139743821033168e-12,10,1
mnist,LogisticRegressor,50,Full,Hessian,Sekhari,FD,1,60000,0.01,0.1,0.01,0.8939,0.37592079723253846,[19191],13,0,1712891022.255615,0.8874,0.39495782284066083,0.0,0.0,3.5427204517524894e-13,3.221244442910605e-13,10,9
mnist,LogisticRegressor,50,Full,Hessian,Sekhari,FD,1,60000,0.01,0.1,0.01,0.8939,0.37592079723253846,[53261],14,0,1712891030.1154487,0.8881,0.3959642885252833,0.0,0.0,2.2778286037098082e-14,1.8814590210456034e-14,10,4
mnist,LogisticRegressor,50,Full,Hessian,Sekhari,FD,1,60000,0.01,0.1,0.01,0.8939,0.37592079723253846,[16683],15,0,1712891037.3520234,0.8879,0.39438588358461857,0.0,0.0,2.9349112320312253e-15,3.5733401356957435e-15,10,6
mnist,LogisticRegressor,50,Full,Hessian,Sekhari,FD,1,60000,0.01,0.1,0.01,0.8939,0.37592079723253846,[29618],16,0,1712891043.9741168,0.887,0.39700604546815155,0.0,0.0,1.2545160043450441e-14,1.4250328719359953e-14,10,0
mnist,LogisticRegressor,50,Full,Hessian,Sekhari,FD,1,60000,0.01,0.1,0.01,0.8939,0.37592079723253846,[17209],17,0,1712891051.1647613,0.8859,0.4012259650975466,0.0,0.0,1.046938898565837e-15,9.246674957132383e-16,10,2
mnist,LogisticRegressor,50,Full,Hessian,Sekhari,FD,1,60000,0.01,0.1,0.01,0.8939,0.37592079723253846,[44969],18,0,1712891058.8946931,0.8834,0.4067473985254765,0.0,0.0,5.944544066066528e-15,6.492444583337757e-15,10,4
mnist,LogisticRegressor,50,Full,Hessian,Sekhari,FD,1,60000,0.01,0.1,0.01,0.8939,0.37592079723253846,[41883],19,0,1712891066.155816,0.8824,0.40729087088257077,0.0,0.0,4.1555487189918677e-13,5.505664166152499e-13,10,9
mnist,LogisticRegressor,50,Full,Hessian,Sekhari,FD,1,60000,0.01,0.1,0.01,0.8939,0.37592079723253846,[52664],20,0,1712891074.0308495,0.8863,0.3971827168017626,0.0,0.0,1.331808402670286e-14,1.0338660872094078e-14,10,4
mnist,LogisticRegressor,50,Full,Hessian,Sekhari,FD,1,60000,0.01,0.1,0.01,0.8939,0.37592079723253846,[11426],21,0,1712891080.9254076,0.8841,0.40207477770745753,0.0,0.0,5.768603395601193e-16,5.560335826683891e-16,10,3
mnist,LogisticRegressor,50,Full,Hessian,Sekhari,FD,1,60000,0.01,0.1,0.01,0.8939,0.37592079723253846,[6718],22,0,1712891088.3714917,0.8838,0.40280063413083556,0.0,0.0,1.6534798072630637e-15,9.49449308626766e-16,10,8
mnist,LogisticRegressor,50,Full,Hessian,Sekhari,FD,1,60000,0.01,0.1,0.01,0.8939,0.37592079723253846,[25555],23,0,1712891095.6764927,0.8824,0.4077613016590476,0.0,0.0,3.26172221696309e-16,2.5523477259915117e-16,10,3
mnist,LogisticRegressor,50,Full,Hessian,Sekhari,FD,1,60000,0.01,0.1,0.01,0.8939,0.37592079723253846,[58248],24,0,1712891102.9970238,0.8831,0.4068668896332383,0.0,0.0,5.913210301075235e-15,6.319279498800631e-15,10,4
mnist,LogisticRegressor,50,Full,Hessian,Sekhari,FD,1,60000,0.01,0.1,0.01,0.8939,0.37592079723253846,[19358],25,0,1712891110.7835672,0.8793,0.4131204629316926,0.0,0.0,1.7459899634787956e-14,1.9214624655529934e-14,10,7
mnist,LogisticRegressor,50,Full,Hessian,Sekhari,FD,1,60000,0.01,0.1,0.01,0.8939,0.37592079723253846,[21687],26,0,1712891118.3666155,0.8799,0.41435633711516856,34.596092224121094,34.482460021972656,59.75994198439249,59.75994198439249,10,4
mnist,LogisticRegressor,50,Full,Hessian,Sekhari,FD,1,60000,0.01,0.1,0.01,0.8939,0.37592079723253846,[47925],27,0,1712891126.2027886,0.881,0.4110027523711324,0.0,0.0,5.156773534431839e-13,4.661631103866402e-13,10,1
mnist,LogisticRegressor,50,Full,Hessian,Sekhari,FD,1,60000,0.01,0.1,0.01,0.8939,0.37592079723253846,[14876],28,0,1712891133.5656288,0.8841,0.40551289450377226,36.18156814575195,35.95412826538086,56.18078162714027,56.18078162714027,10,8
mnist,LogisticRegressor,50,Full,Hessian,Sekhari,FD,1,60000,0.01,0.1,0.01,0.8939,0.37592079723253846,[20982],29,0,1712891140.1457415,0.8815,0.4137505773454905,0.0,0.0,6.832620219680306e-16,8.826081677248454e-16,10,0
mnist,LogisticRegressor,50,Full,Hessian,Sekhari,FD,1,60000,0.01,0.1,0.01,0.8939,0.37592079723253846,[54591],30,0,1712891146.6417124,0.8788,0.4186055395752192,0.0,0.0,1.7332659449524263e-13,1.499727952659233e-13,10,1
mnist,LogisticRegressor,50,Full,Hessian,Sekhari,FD,1,60000,0.01,0.1,0.01,0.8939,0.37592079723253846,[1818],31,0,1712891153.7981575,0.8784,0.4188776856288314,42.61778259277344,42.23767852783203,58.35534996521326,58.35534996521326,10,4
mnist,LogisticRegressor,50,Full,Hessian,Sekhari,FD,1,60000,0.01,0.1,0.01,0.8939,0.37592079723253846,[45104],32,0,1712891161.0636163,0.881,0.4139885110780597,0.0,0.0,9.01398341650102e-15,1.3682339643572366e-14,10,9
mnist,LogisticRegressor,50,Full,Hessian,Sekhari,FD,1,60000,0.01,0.1,0.01,0.8939,0.37592079723253846,[33785],33,0,1712891167.5517397,0.8784,0.4221018083393574,36.17192077636719,35.99920654296875,52.70901608962701,52.70901608962701,10,0
mnist,LogisticRegressor,50,Full,Hessian,Sekhari,FD,1,60000,0.01,0.1,0.01,0.8939,0.37592079723253846,[31738],34,0,1712891174.8085568,0.874,0.4298759277909994,0.0,0.0,9.497489552415058e-15,9.568416000703538e-15,10,7
mnist,LogisticRegressor,50,Full,Hessian,Sekhari,FD,1,60000,0.01,0.1,0.01,0.8939,0.37592079723253846,[13161],35,0,1712891182.7032382,0.8763,0.4273086927831173,0.0,0.0,1.8946986151166216e-16,2.6011354453427506e-16,10,8
mnist,LogisticRegressor,50,Full,Hessian,Sekhari,FD,1,60000,0.01,0.1,0.01,0.8939,0.37592079723253846,[23487],36,0,1712891190.3786962,0.8783,0.4222387781366706,0.0,0.0,8.871844839140842e-15,1.1918292736431955e-14,10,7
mnist,LogisticRegressor,50,Full,Hessian,Sekhari,FD,1,60000,0.01,0.1,0.01,0.8939,0.37592079723253846,[38161],37,0,1712891197.7865446,0.8735,0.4353990856558084,0.0,0.0,1.2073934461213766e-14,9.872696606586747e-15,10,1
mnist,LogisticRegressor,50,Full,Hessian,Sekhari,FD,1,60000,0.01,0.1,0.01,0.8939,0.37592079723253846,[3264],38,0,1712891205.5220847,0.8718,0.4406083609908819,0.0,0.0,2.3254874400770403e-17,2.902674994214432e-17,10,0
mnist,LogisticRegressor,50,Full,Hessian,Sekhari,FD,1,60000,0.01,0.1,0.01,0.8939,0.37592079723253846,[21854],39,0,1712891212.7411005,0.8712,0.4421614343300462,0.0,0.0,1.1471825648747596e-16,1.328015792505887e-16,10,8
mnist,LogisticRegressor,50,Full,Hessian,Sekhari,FD,1,60000,0.01,0.1,0.01,0.8939,0.37592079723253846,[23490],40,0,1712891220.4348693,0.8703,0.44717239793390035,0.0,0.0,4.178045783366332e-15,4.770036951489928e-15,10,1
mnist,LogisticRegressor,50,Full,Hessian,Sekhari,FD,1,60000,0.01,0.1,0.01,0.8939,0.37592079723253846,[20117],41,0,1712891227.9183872,0.866,0.4557251552119851,0.0,0.0,6.364101461313675e-18,6.828168551436975e-18,10,0
mnist,LogisticRegressor,50,Full,Hessian,Sekhari,FD,1,60000,0.01,0.1,0.01,0.8939,0.37592079723253846,[54444],42,0,1712891235.3061724,0.8652,0.4558211449533701,0.0,0.0,8.363547105313466e-18,5.6361490879416324e-18,10,0
mnist,LogisticRegressor,50,Full,Hessian,Sekhari,FD,1,60000,0.01,0.1,0.01,0.8939,0.37592079723253846,[45921],43,0,1712891242.7061906,0.8632,0.4635082397609949,0.0,0.0,1.5281923068046907e-18,1.5482709454774565e-18,10,0
mnist,LogisticRegressor,50,Full,Hessian,Sekhari,FD,1,60000,0.01,0.1,0.01,0.8939,0.37592079723253846,[36220],44,0,1712891250.0557108,0.8634,0.46406081281602385,0.0,0.0,1.8306647892127925e-15,1.9756133516112854e-15,10,7
mnist,LogisticRegressor,50,Full,Hessian,Sekhari,FD,1,60000,0.01,0.1,0.01,0.8939,0.37592079723253846,[41626],45,0,1712891257.5820618,0.8604,0.46814344450831413,0.0,0.0,2.836857547410555e-15,2.7730504424631463e-15,10,7
mnist,LogisticRegressor,50,Full,Hessian,Sekhari,FD,1,60000,0.01,0.1,0.01,0.8939,0.37592079723253846,[10208],46,0,1712891264.9381819,0.858,0.4773008730262518,0.0,0.0,4.935105269166234e-14,4.384031116481427e-14,10,7
mnist,LogisticRegressor,50,Full,Hessian,Sekhari,FD,1,60000,0.01,0.1,0.01,0.8939,0.37592079723253846,[18849],47,0,1712891272.6861324,0.8622,0.46778513975441455,0.0,0.0,1.838222476108383e-15,2.4827086571235322e-15,10,7
mnist,LogisticRegressor,50,Full,Hessian,Sekhari,FD,1,60000,0.01,0.1,0.01,0.8939,0.37592079723253846,[12368],48,0,1712891280.227504,0.8583,0.47808236740529536,43.3009147644043,43.53215026855469,59.394562638295945,59.394562638295945,10,4
mnist,LogisticRegressor,50,Full,Hessian,Sekhari,FD,1,60000,0.01,0.1,0.01,0.8939,0.37592079723253846,[46581],49,0,1712891287.8981442,0.8594,0.4748882934451103,0.0,0.0,3.745118818174708e-14,4.147282380767062e-14,10,5
mnist,LogisticRegressor,50,Full,Hessian,Sekhari,FD,1,60000,0.01,0.1,0.01,0.8939,0.37592079723253846,[18486],50,0,1712891294.7706301,0.8576,0.4795002643018961,39.41099166870117,39.51272964477539,58.01804347881512,58.01804347881512,10,4
mnist,LogisticRegressor,50,Full,Hessian,Sekhari,FD,1,60000,0.01,0.1,0.01,0.8939,0.37592079723253846,[24053],51,0,1712891301.7928116,0.8565,0.486491259932518,0.0,0.0,7.708056512583874e-15,7.900239185938293e-15,10,1
mnist,LogisticRegressor,50,Full,Hessian,Sekhari,FD,1,60000,0.01,0.1,0.01,0.8939,0.37592079723253846,[50000],52,0,1712891308.9317095,0.8612,0.4726384233683348,0.0,0.0,2.4208056410347102e-17,3.253475117632371e-17,10,8
mnist,LogisticRegressor,50,Full,Hessian,Sekhari,FD,1,60000,0.01,0.1,0.01,0.8939,0.37592079723253846,[1578],53,0,1712891316.6163266,0.863,0.4676396565511823,0.0,0.0,7.222701001143072e-17,7.617455920399006e-17,10,4
mnist,LogisticRegressor,50,Full,Hessian,Sekhari,FD,1,60000,0.01,0.1,0.01,0.8939,0.37592079723253846,[22054],54,0,1712891324.44099,0.8628,0.4719299115240574,0.0,0.0,1.112532470212251e-15,1.4761484838044194e-15,10,5
mnist,LogisticRegressor,50,Full,Hessian,Sekhari,FD,1,60000,0.01,0.1,0.01,0.8939,0.37592079723253846,[16559],55,0,1712891331.6263154,0.8611,0.472072471678257,0.0,0.0,5.65295962866632e-20,6.093307829942533e-20,10,0
mnist,LogisticRegressor,50,Full,Hessian,Sekhari,FD,1,60000,0.01,0.1,0.01,0.8939,0.37592079723253846,[22071],56,0,1712891339.2229674,0.8569,0.48088027387857435,0.0,0.0,5.605575386949856e-18,5.856565304342611e-18,10,8
mnist,LogisticRegressor,50,Full,Hessian,Sekhari,FD,1,60000,0.01,0.1,0.01,0.8939,0.37592079723253846,[44690],57,0,1712891346.9949849,0.8588,0.4756685230880976,0.0,0.0,4.009359673434193e-17,5.022586779771643e-17,10,2
mnist,LogisticRegressor,50,Full,Hessian,Sekhari,FD,1,60000,0.01,0.1,0.01,0.8939,0.37592079723253846,[10622],58,0,1712891353.865742,0.8545,0.48651127703487873,0.0,0.0,2.0833292965141676e-15,2.1914200096317594e-15,10,5
mnist,LogisticRegressor,50,Full,Hessian,Sekhari,FD,1,60000,0.01,0.1,0.01,0.8939,0.37592079723253846,[26825],59,0,1712891361.0033555,0.8568,0.4821141943335533,0.0,0.0,1.765298171425601e-20,2.728627168261893e-20,10,6
mnist,LogisticRegressor,50,Full,Hessian,Sekhari,FD,1,60000,0.01,0.1,0.01,0.8939,0.37592079723253846,[13016],60,0,1712891368.5367017,0.8558,0.485136130079627,0.0,0.0,1.4901421745600077e-15,1.4647698411752083e-15,10,1
mnist,LogisticRegressor,50,Full,Hessian,Sekhari,FD,1,60000,0.01,0.1,0.01,0.8939,0.37592079723253846,[15183],61,0,1712891375.742369,0.8551,0.4884796544909477,0.0,0.0,2.158694531975028e-20,2.0178271761518226e-20,10,6
mnist,LogisticRegressor,50,Full,Hessian,Sekhari,FD,1,60000,0.01,0.1,0.01,0.8939,0.37592079723253846,[14829],62,0,1712891383.470388,0.8592,0.47948368117213247,0.0,0.0,8.76727597486329e-18,9.398806715585478e-18,10,4
mnist,LogisticRegressor,50,Full,Hessian,Sekhari,FD,1,60000,0.01,0.1,0.01,0.8939,0.37592079723253846,[16590],63,0,1712891390.4900916,0.8634,0.46518787145614626,0.0,0.0,2.183151930383786e-20,2.2024797563582933e-20,10,0
mnist,LogisticRegressor,50,Full,Hessian,Sekhari,FD,1,60000,0.01,0.1,0.01,0.8939,0.37592079723253846,[44248],64,0,1712891398.473862,0.8655,0.46235337629914286,0.0,0.0,2.230541816169216e-16,1.5914403163641003e-16,10,1
mnist,LogisticRegressor,50,Full,Hessian,Sekhari,FD,1,60000,0.01,0.1,0.01,0.8939,0.37592079723253846,[44764],65,0,1712891405.909811,0.8644,0.4659479673951864,0.0,0.0,2.896710219339846e-16,2.6687040968626515e-16,10,1
mnist,LogisticRegressor,50,Full,Hessian,Sekhari,FD,1,60000,0.01,0.1,0.01,0.8939,0.37592079723253846,[8493],66,0,1712891413.146174,0.8657,0.45911237560212614,0.0,0.0,1.2688939415478134e-20,1.0812637889083008e-20,10,0
mnist,LogisticRegressor,50,Full,Hessian,Sekhari,FD,1,60000,0.01,0.1,0.01,0.8939,0.37592079723253846,[25080],67,0,1712891420.74704,0.8666,0.4581896519288421,46.621280670166016,46.77210235595703,63.642213956840806,63.642213956840806,10,9
mnist,LogisticRegressor,50,Full,Hessian,Sekhari,FD,1,60000,0.01,0.1,0.01,0.8939,0.37592079723253846,[53822],68,0,1712891428.2298248,0.8663,0.4561597676947713,0.0,0.0,2.032351705451888e-18,1.5551186518808056e-18,10,2
mnist,LogisticRegressor,50,Full,Hessian,Sekhari,FD,1,60000,0.01,0.1,0.01,0.8939,0.37592079723253846,[9040],69,0,1712891436.240748,0.8695,0.4521882442757487,0.0,0.0,1.5630613312460805e-17,2.479095567500381e-17,10,7
mnist,LogisticRegressor,50,Full,Hessian,Sekhari,FD,1,60000,0.01,0.1,0.01,0.8939,0.37592079723253846,[18422],70,0,1712891443.8541768,0.8709,0.44734202064573764,0.0,0.0,9.039920186002559e-20,8.652405414985345e-20,10,3
mnist,LogisticRegressor,50,Full,Hessian,Sekhari,FD,1,60000,0.01,0.1,0.01,0.8939,0.37592079723253846,[43736],71,0,1712891451.5759158,0.8697,0.4533217970281839,0.0,0.0,1.5512205295576168e-17,1.9514135570907758e-17,10,7
mnist,LogisticRegressor,50,Full,Hessian,Sekhari,FD,1,60000,0.01,0.1,0.01,0.8939,0.37592079723253846,[38825],72,0,1712891459.2302697,0.8676,0.45522052198648455,0.0,0.0,2.6330871623098598e-20,3.030430163528098e-20,10,6
mnist,LogisticRegressor,50,Full,Hessian,Sekhari,FD,1,60000,0.01,0.1,0.01,0.8939,0.37592079723253846,[58517],73,0,1712891467.4944282,0.8666,0.45969976112246513,0.0,0.0,2.5896924875118365e-18,3.1108246361867176e-18,10,4
mnist,LogisticRegressor,50,Full,Hessian,Sekhari,FD,1,60000,0.01,0.1,0.01,0.8939,0.37592079723253846,[52118],74,0,1712891475.2983794,0.8695,0.45299797486513854,0.0,0.0,7.973123059113445e-18,5.625627492176254e-18,10,7
mnist,LogisticRegressor,50,Full,Hessian,Sekhari,FD,1,60000,0.01,0.1,0.01,0.8939,0.37592079723253846,[23784],75,0,1712891484.2684705,0.8708,0.4488455494865775,0.0,0.0,1.13816549909864e-18,1.3464549259178645e-18,10,4
mnist,LogisticRegressor,50,Full,Hessian,Sekhari,FD,1,60000,0.01,0.1,0.01,0.8939,0.37592079723253846,[2929],76,0,1712891494.406367,0.8709,0.45333940628916025,0.0,0.0,1.6722914353812563e-19,1.3180788320832912e-19,10,8
mnist,LogisticRegressor,50,Full,Hessian,Sekhari,FD,1,60000,0.01,0.1,0.01,0.8939,0.37592079723253846,[32133],77,0,1712891502.4220018,0.8678,0.4613665025681257,0.0,0.0,8.612021357924582e-17,8.545946260126257e-17,10,1
mnist,LogisticRegressor,50,Full,Hessian,Sekhari,FD,1,60000,0.01,0.1,0.01,0.8939,0.37592079723253846,[58197],78,0,1712891521.2957766,0.8681,0.45726195331662894,41.08855438232422,41.193241119384766,53.4775192444466,53.4775192444466,10,4
mnist,LogisticRegressor,50,Full,Hessian,Sekhari,FD,1,60000,0.01,0.1,0.01,0.8939,0.37592079723253846,[22055],79,0,1712891539.3952441,0.8686,0.4608930299058557,0.0,0.0,1.0000579399582432e-17,9.075000249549866e-18,10,5
mnist,LogisticRegressor,50,Full,Hessian,Sekhari,FD,1,60000,0.01,0.1,0.01,0.8939,0.37592079723253846,[9594],80,0,1712891547.186943,0.8682,0.45789020508527756,0.0,0.0,2.900427223701983e-17,2.5575513322520557e-17,10,5
mnist,LogisticRegressor,50,Full,Hessian,Sekhari,FD,1,60000,0.01,0.1,0.01,0.8939,0.37592079723253846,[17720],81,0,1712891554.3282976,0.8699,0.4517053755000234,0.0,0.0,7.721795932953128e-18,6.188695486323528e-18,10,9
mnist,LogisticRegressor,50,Full,Hessian,Sekhari,FD,1,60000,0.01,0.1,0.01,0.8939,0.37592079723253846,[14128],82,0,1712891562.264356,0.8711,0.45179251916706564,0.0,0.0,1.1673745123828811e-19,1.699794727146384e-19,10,8
mnist,LogisticRegressor,50,Full,Hessian,Sekhari,FD,1,60000,0.01,0.1,0.01,0.8939,0.37592079723253846,[37147],83,0,1712891570.3651762,0.8696,0.45324402023106813,0.0,0.0,4.7018644278805235e-20,5.464429653439683e-20,10,3
mnist,LogisticRegressor,50,Full,Hessian,Sekhari,FD,1,60000,0.01,0.1,0.01,0.8939,0.37592079723253846,[39930],84,0,1712891576.6666677,0.8729,0.4454579347744584,0.0,0.0,8.700573695985843e-18,7.266214983696588e-18,10,5
mnist,LogisticRegressor,50,Full,Hessian,Sekhari,FD,1,60000,0.01,0.1,0.01,0.8939,0.37592079723253846,[14873],85,0,1712891584.0394156,0.8718,0.4465010518208146,0.0,0.0,7.081961652780525e-20,8.835356817027351e-20,10,2
mnist,LogisticRegressor,50,Full,Hessian,Sekhari,FD,1,60000,0.01,0.1,0.01,0.8939,0.37592079723253846,[55385],86,0,1712891591.725328,0.8728,0.4460003590211272,0.0,0.0,1.7847647159149196e-19,2.0947305480807245e-19,10,2
mnist,LogisticRegressor,50,Full,Hessian,Sekhari,FD,1,60000,0.01,0.1,0.01,0.8939,0.37592079723253846,[55989],87,0,1712891599.0112991,0.8714,0.44755540005862715,0.0,0.0,4.083558796933486e-22,4.066364658425544e-22,10,0
mnist,LogisticRegressor,50,Full,Hessian,Sekhari,FD,1,60000,0.01,0.1,0.01,0.8939,0.37592079723253846,[6842],88,0,1712891606.490178,0.8699,0.449312992207706,0.0,0.0,2.9290349671918946e-17,2.6572665106764956e-17,10,7
mnist,LogisticRegressor,50,Full,Hessian,Sekhari,FD,1,60000,0.01,0.1,0.01,0.8939,0.37592079723253846,[30534],89,0,1712891633.120836,0.8688,0.45434396956115963,0.0,0.0,2.251600407113385e-18,2.943427051886187e-18,10,9
mnist,LogisticRegressor,50,Full,Hessian,Sekhari,FD,1,60000,0.01,0.1,0.01,0.8939,0.37592079723253846,[31331],90,0,1712891640.6552944,0.8668,0.4650930088013411,0.0,0.0,1.0299431592308927e-21,7.8789291609232045e-22,10,6
mnist,LogisticRegressor,50,Full,Hessian,Sekhari,FD,1,60000,0.01,0.1,0.01,0.8939,0.37592079723253846,[36887],91,0,1712891647.9696438,0.8668,0.46630188822746277,0.0,0.0,1.874888863273078e-18,2.825039941556545e-18,10,9
mnist,LogisticRegressor,50,Full,Hessian,Sekhari,FD,1,60000,0.01,0.1,0.01,0.8939,0.37592079723253846,[16695],92,0,1712891655.7903316,0.871,0.45448563173413276,0.0,0.0,2.8606263022140414e-19,2.692614946113973e-19,10,4
mnist,LogisticRegressor,50,Full,Hessian,Sekhari,FD,1,60000,0.01,0.1,0.01,0.8939,0.37592079723253846,[51604],93,0,1712891691.138311,0.8712,0.45487117003649474,0.0,0.0,5.360242303688029e-18,6.5787065443987945e-18,10,7
mnist,LogisticRegressor,50,Full,Hessian,Sekhari,FD,1,60000,0.01,0.1,0.01,0.8939,0.37592079723253846,[34564],94,0,1712891698.8869445,0.8684,0.4663557566702366,0.0,0.0,1.0134849711495367e-21,1.0210612670139262e-21,10,6
mnist,LogisticRegressor,50,Full,Hessian,Sekhari,FD,1,60000,0.01,0.1,0.01,0.8939,0.37592079723253846,[26129],95,0,1712891706.3234813,0.8676,0.46920234374701975,0.0,0.0,6.494542643310195e-22,6.6015439889298625e-22,10,6
mnist,LogisticRegressor,50,Full,Hessian,Sekhari,FD,1,60000,0.01,0.1,0.01,0.8939,0.37592079723253846,[33814],96,0,1712891713.7661836,0.8663,0.47701419368386266,0.0,0.0,1.6561271539406498e-17,1.7847438192651986e-17,10,7
mnist,LogisticRegressor,50,Full,Hessian,Sekhari,FD,1,60000,0.01,0.1,0.01,0.8939,0.37592079723253846,[35267],97,0,1712891720.8405306,0.8603,0.49243335984647274,0.0,0.0,6.602222116805908e-20,6.668689988282541e-20,10,2
mnist,LogisticRegressor,50,Full,Hessian,Sekhari,FD,1,60000,0.01,0.1,0.01,0.8939,0.37592079723253846,[4939],98,0,1712891753.6701705,0.8577,0.4992805775254965,0.0,0.0,1.7621967571539024e-18,1.9999017674162515e-18,10,7
mnist,LogisticRegressor,50,Full,Hessian,Sekhari,FD,1,60000,0.01,0.1,0.01,0.8939,0.37592079723253846,[20228],99,0,1712891760.7974913,0.8586,0.49853790141642096,0.0,0.0,5.408003419655113e-21,4.453378070060594e-21,10,3
mnist,LogisticRegressor,50,Full,Hessian,Sekhari,FD,1,60000,0.01,0.1,0.01,0.8939,0.37592079723253846,[59478],100,0,1712891768.1901572,0.8584,0.4931483261287212,0.0,0.0,3.071446326370842e-19,3.709738223772463e-19,10,5
mnist,LogisticRegressor,50,Full,Hessian,Sekhari,FD,1,60000,0.01,0.1,0.01,0.8939,0.37592079723253846,[15488],101,0,1712891775.4325523,0.8567,0.4957754470407963,0.0,0.0,2.1953071785345675e-20,1.7300425463931025e-20,10,4
mnist,LogisticRegressor,50,Full,Hessian,Sekhari,FD,1,60000,0.01,0.1,0.01,0.8939,0.37592079723253846,[4140],102,0,1712891782.0805745,0.8612,0.48614001385867595,0.0,0.0,0.0,0.0,10,6
mnist,LogisticRegressor,50,Full,Hessian,Sekhari,FD,1,60000,0.01,0.1,0.01,0.8939,0.37592079723253846,[25695],103,0,1712891786.327163,0.8607,0.48936060853302477,0.0,0.0,6.441571995537808e-21,3.4132677115803975e-21,10,2
mnist,LogisticRegressor,50,Full,Hessian,Sekhari,FD,1,60000,0.01,0.1,0.01,0.8939,0.37592079723253846,[15656],104,0,1712891813.6682491,0.8591,0.4903167773038149,0.0,0.0,9.873176492442798e-19,1.0271255707020174e-18,10,9
mnist,LogisticRegressor,50,Full,Hessian,Sekhari,FD,1,60000,0.01,0.1,0.01,0.8939,0.37592079723253846,[58510],105,0,1712891821.3618824,0.8608,0.4869282726198435,0.0,0.0,0.0,0.0,10,0
mnist,LogisticRegressor,50,Full,Hessian,Sekhari,FD,1,60000,0.01,0.1,0.01,0.8939,0.37592079723253846,[54191],106,0,1712891828.9498904,0.8573,0.4912323847413063,0.0,0.0,1.3237444105984223e-18,1.4968732606480829e-18,10,5
mnist,LogisticRegressor,50,Full,Hessian,Sekhari,FD,1,60000,0.01,0.1,0.01,0.8939,0.37592079723253846,[24326],107,0,1712891837.2663329,0.8577,0.49105967245995996,0.0,0.0,2.1033067677448996e-21,1.9935100269557303e-21,10,3
mnist,LogisticRegressor,50,Full,Hessian,Sekhari,FD,1,60000,0.01,0.1,0.01,0.8939,0.37592079723253846,[39587],108,0,1712891860.7967336,0.8581,0.49096393063664434,46.328582763671875,46.46938705444336,52.67049390117068,52.67049390117068,10,7
mnist,LogisticRegressor,50,Full,Hessian,Sekhari,FD,1,60000,0.01,0.1,0.01,0.8939,0.37592079723253846,[58605],109,0,1712891868.1839678,0.8549,0.49630697071552277,0.0,0.0,3.144988678842206e-20,3.4157319531245504e-20,10,9
mnist,LogisticRegressor,50,Full,Hessian,Sekhari,FD,1,60000,0.01,0.1,0.01,0.8939,0.37592079723253846,[29723],110,0,1712891875.6557658,0.8576,0.48627794682979586,0.0,0.0,0.0,0.0,10,6
mnist,LogisticRegressor,50,Full,Hessian,Sekhari,FD,1,60000,0.01,0.1,0.01,0.8939,0.37592079723253846,[956],111,0,1712891883.2621965,0.8575,0.4839586950838566,51.6287841796875,51.77982711791992,58.57253721947535,58.57253721947535,10,0
mnist,LogisticRegressor,50,Full,Hessian,Sekhari,FD,1,60000,0.01,0.1,0.01,0.8939,0.37592079723253846,[32556],112,0,1712891890.7940242,0.8583,0.47952043227851393,0.0,0.0,7.35459843455402e-22,6.494542643310195e-22,10,8
mnist,LogisticRegressor,50,Full,Hessian,Sekhari,FD,1,60000,0.01,0.1,0.01,0.8939,0.37592079723253846,[42226],113,0,1712891898.1277716,0.8564,0.48514420334249736,0.0,0.0,1.9219320113053014e-21,1.2594720467237198e-21,10,3
mnist,LogisticRegressor,50,Full,Hessian,Sekhari,FD,1,60000,0.01,0.1,0.01,0.8939,0.37592079723253846,[22798],114,0,1712891905.7622325,0.8561,0.4876301530748606,0.0,0.0,6.654399436628098e-22,6.675424283691793e-22,10,8
mnist,LogisticRegressor,50,Full,Hessian,Sekhari,FD,1,60000,0.01,0.1,0.01,0.8939,0.37592079723253846,[14582],115,0,1712891913.505673,0.8553,0.4898218739777803,0.0,0.0,2.7761739389121856e-22,0.0,10,4
mnist,LogisticRegressor,50,Full,Hessian,Sekhari,FD,1,60000,0.01,0.1,0.01,0.8939,0.37592079723253846,[42649],116,0,1712891920.9870641,0.8523,0.4923130739480257,0.0,0.0,7.190821318081531e-22,7.171307549859004e-22,10,2
mnist,LogisticRegressor,50,Full,Hessian,Sekhari,FD,1,60000,0.01,0.1,0.01,0.8939,0.37592079723253846,[42058],117,0,1712891928.555497,0.8493,0.5036425478756428,0.0,0.0,2.8828980762616496e-21,4.192599150333223e-21,10,9
mnist,LogisticRegressor,50,Full,Hessian,Sekhari,FD,1,60000,0.01,0.1,0.01,0.8939,0.37592079723253846,[55919],118,0,1712891935.583466,0.852,0.49744947887957097,0.0,0.0,1.9157538410193035e-20,2.3630442357973656e-20,10,5
mnist,LogisticRegressor,50,Full,Hessian,Sekhari,FD,1,60000,0.01,0.1,0.01,0.8939,0.37592079723253846,[48054],119,0,1712891943.3665123,0.8527,0.49750509597361087,0.0,0.0,0.0,0.0,10,3
mnist,LogisticRegressor,50,Full,Hessian,Sekhari,FD,1,60000,0.01,0.1,0.01,0.8939,0.37592079723253846,[18644],120,0,1712891950.7129743,0.8533,0.49642807357013224,0.0,0.0,7.768779038031031e-21,7.314860144312623e-21,10,1
mnist,LogisticRegressor,50,Full,Hessian,Sekhari,FD,1,60000,0.01,0.1,0.01,0.8939,0.37592079723253846,[10155],121,0,1712891958.4037333,0.8547,0.4914199199527502,0.0,0.0,1.1588444468784045e-20,1.1600408932590583e-20,10,1
mnist,LogisticRegressor,50,Full,Hessian,Sekhari,FD,1,60000,0.01,0.1,0.01,0.8939,0.37592079723253846,[18321],122,0,1712891965.4859972,0.8525,0.4962050009518862,0.0,0.0,8.916269460433432e-21,9.343944543390219e-21,10,5
mnist,LogisticRegressor,50,Full,Hessian,Sekhari,FD,1,60000,0.01,0.1,0.01,0.8939,0.37592079723253846,[20808],123,0,1712891992.7373514,0.8552,0.4926944371312857,61.9734001159668,61.90472412109375,58.94283320606644,58.94283320606644,10,5
mnist,LogisticRegressor,50,Full,Hessian,Sekhari,FD,1,60000,0.01,0.1,0.01,0.8939,0.37592079723253846,[6557],124,0,1712892000.1747131,0.8529,0.49976366870105265,0.0,0.0,1.5461614649612908e-21,1.4459382357553654e-21,10,9
mnist,LogisticRegressor,50,Full,Hessian,Sekhari,FD,1,60000,0.01,0.1,0.01,0.8939,0.37592079723253846,[19298],125,0,1712892007.4917166,0.851,0.5076317220926285,0.0,0.0,0.0,0.0,10,3
mnist,LogisticRegressor,50,Full,Hessian,Sekhari,FD,1,60000,0.01,0.1,0.01,0.8939,0.37592079723253846,[9635],126,0,1712892014.744661,0.8497,0.5099643275141716,57.03070068359375,57.53114318847656,60.502389447751234,60.502389447751234,10,5
mnist,LogisticRegressor,50,Full,Hessian,Sekhari,FD,1,60000,0.01,0.1,0.01,0.8939,0.37592079723253846,[46469],127,0,1712892021.680315,0.8496,0.5087372500449419,0.0,0.0,0.0,0.0,10,1
mnist,LogisticRegressor,50,Full,Hessian,Sekhari,FD,1,60000,0.01,0.1,0.01,0.8939,0.37592079723253846,[2417],128,0,1712892056.7948427,0.8496,0.5121155023574829,0.0,0.0,0.0,0.0,10,8
mnist,LogisticRegressor,50,Full,Hessian,Sekhari,FD,1,60000,0.01,0.1,0.01,0.8939,0.37592079723253846,[49256],129,0,1712892063.9870477,0.8489,0.5111746598035097,0.0,0.0,4.5203689687905344e-21,5.31772531320412e-21,10,9
mnist,LogisticRegressor,50,Full,Hessian,Sekhari,FD,1,60000,0.01,0.1,0.01,0.8939,0.37592079723253846,[975],130,0,1712892071.597429,0.849,0.5135779205709696,0.0,0.0,0.0,0.0,10,9
mnist,LogisticRegressor,50,Full,Hessian,Sekhari,FD,1,60000,0.01,0.1,0.01,0.8939,0.37592079723253846,[30441],131,0,1712892078.8613167,0.8504,0.5094667002558708,0.0,0.0,0.0,0.0,10,6
mnist,LogisticRegressor,50,Full,Hessian,Sekhari,FD,1,60000,0.01,0.1,0.01,0.8939,0.37592079723253846,[14874],132,0,1712892111.1446095,0.8503,0.5057880699634552,0.0,0.0,0.0,0.0,10,4
mnist,LogisticRegressor,50,Full,Hessian,Sekhari,FD,1,60000,0.01,0.1,0.01,0.8939,0.37592079723253846,[33078],133,0,1712892118.5417871,0.8484,0.5086923934519291,0.0,0.0,0.0,0.0,10,3
mnist,LogisticRegressor,50,Full,Hessian,Sekhari,FD,1,60000,0.01,0.1,0.01,0.8939,0.37592079723253846,[31379],134,0,1712892125.9625766,0.8505,0.5029114276170731,55.98143768310547,56.01850891113281,59.81945368070783,59.81945368070783,10,2
mnist,LogisticRegressor,50,Full,Hessian,Sekhari,FD,1,60000,0.01,0.1,0.01,0.8939,0.37592079723253846,[8236],135,0,1712892133.1462376,0.8497,0.5042817190289497,57.36399459838867,57.259849548339844,61.37165445406171,61.37165445406171,10,0
mnist,LogisticRegressor,50,Full,Hessian,Sekhari,FD,1,60000,0.01,0.1,0.01,0.8939,0.37592079723253846,[6055],136,0,1712892140.3892884,0.852,0.5043249674141407,0.0,0.0,0.0,0.0,10,9
mnist,LogisticRegressor,50,Full,Hessian,Sekhari,FD,1,60000,0.01,0.1,0.01,0.8939,0.37592079723253846,[8067],137,0,1712892175.0312302,0.8523,0.5023767445236444,0.0,0.0,0.0,0.0,10,8
mnist,LogisticRegressor,50,Full,Hessian,Sekhari,FD,1,60000,0.01,0.1,0.01,0.8939,0.37592079723253846,[4105],138,0,1712892181.9435253,0.8509,0.504627176001668,0.0,0.0,4.704179508973394e-21,3.893667790958874e-21,10,7
mnist,LogisticRegressor,50,Full,Hessian,Sekhari,FD,1,60000,0.01,0.1,0.01,0.8939,0.37592079723253846,[31612],139,0,1712892189.5583928,0.8473,0.5139709807932377,0.0,0.0,0.0,0.0,10,0
mnist,LogisticRegressor,50,Full,Hessian,Sekhari,FD,1,60000,0.01,0.1,0.01,0.8939,0.37592079723253846,[21229],140,0,1712892196.4070246,0.8464,0.512601389363408,57.23653030395508,57.72869110107422,58.39467939149394,58.39467939149394,10,5
mnist,LogisticRegressor,50,Full,Hessian,Sekhari,FD,1,60000,0.01,0.1,0.01,0.8939,0.37592079723253846,[16705],141,0,1712892203.413814,0.8514,0.5073151558637619,0.0,0.0,0.0,0.0,10,4
mnist,LogisticRegressor,50,Full,Hessian,Sekhari,FD,1,60000,0.01,0.1,0.01,0.8939,0.37592079723253846,[42547],142,0,1712892235.677582,0.8493,0.5116100788116456,0.0,0.0,0.0,0.0,10,6
mnist,LogisticRegressor,50,Full,Hessian,Sekhari,FD,1,60000,0.01,0.1,0.01,0.8939,0.37592079723253846,[24610],143,0,1712892243.1748545,0.8453,0.5199104662984609,56.655147552490234,56.959068298339844,58.459655161496336,58.459655161496336,10,7
mnist,LogisticRegressor,50,Full,Hessian,Sekhari,FD,1,60000,0.01,0.1,0.01,0.8939,0.37592079723253846,[19302],144,0,1712892251.2072332,0.8459,0.519538614526391,0.0,0.0,0.0,0.0,10,3
mnist,LogisticRegressor,50,Full,Hessian,Sekhari,FD,1,60000,0.01,0.1,0.01,0.8939,0.37592079723253846,[49063],145,0,1712892258.5220072,0.8418,0.5328049309551716,52.908058166503906,52.763916015625,56.28692632863812,56.28692632863812,10,0
mnist,LogisticRegressor,50,Full,Hessian,Sekhari,FD,1,60000,0.01,0.1,0.01,0.8939,0.37592079723253846,[19678],146,0,1712892292.7998426,0.8442,0.5227628991007804,0.0,0.0,0.0,0.0,10,4
mnist,LogisticRegressor,50,Full,Hessian,Sekhari,FD,1,60000,0.01,0.1,0.01,0.8939,0.37592079723253846,[54666],147,0,1712892299.4053893,0.8424,0.5283776231110096,0.0,0.0,0.0,0.0,10,0
mnist,LogisticRegressor,50,Full,Hessian,Sekhari,FD,1,60000,0.01,0.1,0.01,0.8939,0.37592079723253846,[47596],148,0,1712892306.5738263,0.8472,0.5163017187267542,0.0,0.0,0.0,0.0,10,3
mnist,LogisticRegressor,50,Full,Hessian,Sekhari,FD,1,60000,0.01,0.1,0.01,0.8939,0.37592079723253846,[48372],149,0,1712892313.8336418,0.8462,0.5204293746501207,0.0,0.0,0.0,0.0,10,1
mnist,LogisticRegressor,50,Full,Hessian,Sekhari,FD,1,60000,0.01,0.1,0.01,0.8939,0.37592079723253846,[14812],150,0,1712892321.0553718,0.8452,0.5265553310513497,0.0,0.0,0.0,0.0,10,0
mnist,LogisticRegressor,50,Full,Hessian,Sekhari,FD,1,60000,0.01,0.1,0.01,0.8939,0.37592079723253846,[24679],151,0,1712892354.831522,0.8499,0.5058549407869577,60.99266052246094,60.621551513671875,62.27712576681047,62.27712576681047,10,0
mnist,LogisticRegressor,50,Full,Hessian,Sekhari,FD,1,60000,0.01,0.1,0.01,0.8939,0.37592079723253846,[8153],152,0,1712892361.979043,0.8496,0.506009554490447,0.0,0.0,0.0,0.0,10,9
mnist,LogisticRegressor,50,Full,Hessian,Sekhari,FD,1,60000,0.01,0.1,0.01,0.8939,0.37592079723253846,[28527],153,0,1712892369.0470924,0.8499,0.5062513019889593,0.0,0.0,0.0,0.0,10,3
mnist,LogisticRegressor,50,Full,Hessian,Sekhari,FD,1,60000,0.01,0.1,0.01,0.8939,0.37592079723253846,[39014],154,0,1712892376.2044916,0.8499,0.5081669434905052,0.0,0.0,0.0,0.0,10,7
mnist,LogisticRegressor,50,Full,Hessian,Sekhari,FD,1,60000,0.01,0.1,0.01,0.8939,0.37592079723253846,[32094],155,0,1712892411.4485214,0.8488,0.5099097590893507,0.0,0.0,0.0,0.0,10,1
mnist,LogisticRegressor,50,Full,Hessian,Sekhari,FD,1,60000,0.01,0.1,0.01,0.8939,0.37592079723253846,[41022],156,0,1712892418.5667362,0.8502,0.5055318709462882,0.0,0.0,0.0,0.0,10,7
mnist,LogisticRegressor,50,Full,Hessian,Sekhari,FD,1,60000,0.01,0.1,0.01,0.8939,0.37592079723253846,[20933],157,0,1712892425.8246682,0.8458,0.5165098626166582,0.0,0.0,0.0,0.0,10,2
mnist,LogisticRegressor,50,Full,Hessian,Sekhari,FD,1,60000,0.01,0.1,0.01,0.8939,0.37592079723253846,[47332],158,0,1712892433.1390142,0.847,0.5119748421013355,57.925968170166016,58.28879928588867,58.61635532283304,58.61635532283304,10,9
mnist,LogisticRegressor,50,Full,Hessian,Sekhari,FD,1,60000,0.01,0.1,0.01,0.8939,0.37592079723253846,[51198],159,0,1712892440.2466416,0.8442,0.5191453728824854,0.0,0.0,0.0,0.0,10,4
mnist,LogisticRegressor,50,Full,Hessian,Sekhari,FD,1,60000,0.01,0.1,0.01,0.8939,0.37592079723253846,[39057],160,0,1712892473.263576,0.846,0.5163914795964957,0.0,0.0,0.0,0.0,10,5
mnist,LogisticRegressor,50,Full,Hessian,Sekhari,FD,1,60000,0.01,0.1,0.01,0.8939,0.37592079723253846,[19490],161,0,1712892480.4618752,0.8418,0.5262712635099888,0.0,0.0,0.0,0.0,10,1
mnist,LogisticRegressor,50,Full,Hessian,Sekhari,FD,1,60000,0.01,0.1,0.01,0.8939,0.37592079723253846,[31835],162,0,1712892487.9582322,0.8454,0.5144888773560524,0.0,0.0,0.0,0.0,10,5
mnist,LogisticRegressor,50,Full,Hessian,Sekhari,FD,1,60000,0.01,0.1,0.01,0.8939,0.37592079723253846,[56284],163,0,1712892494.8937845,0.8457,0.5123065784573555,51.076202392578125,50.902034759521484,57.76642104982227,57.76642104982227,10,0
mnist,LogisticRegressor,50,Full,Hessian,Sekhari,FD,1,60000,0.01,0.1,0.01,0.8939,0.37592079723253846,[3325],164,0,1712892502.1230006,0.8427,0.5214418202638627,55.18901062011719,55.69824981689453,57.59131425372444,57.59131425372444,10,0
mnist,LogisticRegressor,50,Full,Hessian,Sekhari,FD,1,60000,0.01,0.1,0.01,0.8939,0.37592079723253846,[58686],165,0,1712892536.6474714,0.8423,0.5234672717750073,0.0,0.0,0.0,0.0,10,3
mnist,LogisticRegressor,50,Full,Hessian,Sekhari,FD,1,60000,0.01,0.1,0.01,0.8939,0.37592079723253846,[45861],166,0,1712892544.5900548,0.8391,0.5352755296975374,0.0,0.0,0.0,2.826199079900233e-22,10,7
mnist,LogisticRegressor,50,Full,Hessian,Sekhari,FD,1,60000,0.01,0.1,0.01,0.8939,0.37592079723253846,[37298],167,0,1712892551.7515361,0.8418,0.52630346827209,0.0,0.0,0.0,0.0,10,4
mnist,LogisticRegressor,50,Full,Hessian,Sekhari,FD,1,60000,0.01,0.1,0.01,0.8939,0.37592079723253846,[3504],168,0,1712892558.5794501,0.8431,0.5198158852756023,0.0,0.0,0.0,0.0,10,0
mnist,LogisticRegressor,50,Full,Hessian,Sekhari,FD,1,60000,0.01,0.1,0.01,0.8939,0.37592079723253846,[51300],169,0,1712892592.6166067,0.8434,0.5174269556999207,0.0,0.0,0.0,0.0,10,7
mnist,LogisticRegressor,50,Full,Hessian,Sekhari,FD,1,60000,0.01,0.1,0.01,0.8939,0.37592079723253846,[12626],170,0,1712892599.2938995,0.8435,0.5192174509167671,0.0,0.0,0.0,0.0,10,3
mnist,LogisticRegressor,50,Full,Hessian,Sekhari,FD,1,60000,0.01,0.1,0.01,0.8939,0.37592079723253846,[15362],171,0,1712892606.3264837,0.8435,0.5194258093833923,0.0,0.0,0.0,0.0,10,0
mnist,LogisticRegressor,50,Full,Hessian,Sekhari,FD,1,60000,0.01,0.1,0.01,0.8939,0.37592079723253846,[37366],172,0,1712892613.8406177,0.8445,0.5134246822446584,0.0,0.0,0.0,0.0,10,7
mnist,LogisticRegressor,50,Full,Hessian,Sekhari,FD,1,60000,0.01,0.1,0.01,0.8939,0.37592079723253846,[49543],173,0,1712892621.5070956,0.8451,0.5162052918225527,0.0,0.0,0.0,0.0,10,3
mnist,LogisticRegressor,50,Full,Hessian,Sekhari,FD,1,60000,0.01,0.1,0.01,0.8939,0.37592079723253846,[51756],174,0,1712892654.3335438,0.8421,0.5251959964632988,0.0,0.0,0.0,0.0,10,1
mnist,LogisticRegressor,50,Full,Hessian,Sekhari,FD,1,60000,0.01,0.1,0.01,0.8939,0.37592079723253846,[59745],175,0,1712892661.1975534,0.8416,0.5290113024413585,56.64872360229492,56.80958557128906,57.21416283606398,57.21416283606398,10,0
mnist,LogisticRegressor,50,Full,Hessian,Sekhari,FD,1,60000,0.01,0.1,0.01,0.8939,0.37592079723253846,[36841],176,0,1712892668.6303425,0.8398,0.5380725838243962,0.0,0.0,0.0,0.0,10,6
mnist,LogisticRegressor,50,Full,Hessian,Sekhari,FD,1,60000,0.01,0.1,0.01,0.8939,0.37592079723253846,[18334],177,0,1712892675.6954534,0.8393,0.5395127318799495,0.0,0.0,0.0,0.0,10,1
mnist,LogisticRegressor,50,Full,Hessian,Sekhari,FD,1,60000,0.01,0.1,0.01,0.8939,0.37592079723253846,[48865],178,0,1712892683.110273,0.8344,0.5526382651180028,0.0,0.0,0.0,0.0,10,6
mnist,LogisticRegressor,50,Full,Hessian,Sekhari,FD,1,60000,0.01,0.1,0.01,0.8939,0.37592079723253846,[40309],179,0,1712892716.705218,0.8338,0.5537773698568345,0.0,0.0,0.0,0.0,10,2
mnist,LogisticRegressor,50,Full,Hessian,Sekhari,FD,1,60000,0.01,0.1,0.01,0.8939,0.37592079723253846,[18788],180,0,1712892724.5499396,0.8365,0.548107710108161,65.10259246826172,65.01533508300781,62.546652645847736,62.546652645847736,10,9
mnist,LogisticRegressor,50,Full,Hessian,Sekhari,FD,1,60000,0.01,0.1,0.01,0.8939,0.37592079723253846,[38074],181,0,1712892731.616669,0.8339,0.5544776752591133,0.0,0.0,0.0,0.0,10,8
mnist,LogisticRegressor,50,Full,Hessian,Sekhari,FD,1,60000,0.01,0.1,0.01,0.8939,0.37592079723253846,[14544],182,0,1712892738.615536,0.833,0.5592127244919538,65.13618469238281,64.9143295288086,62.153298364414795,62.153298364414795,10,2
mnist,LogisticRegressor,50,Full,Hessian,Sekhari,FD,1,60000,0.01,0.1,0.01,0.8939,0.37592079723253846,[40156],183,0,1712892772.9755359,0.8321,0.561303062736988,0.0,0.0,0.0,0.0,10,1
mnist,LogisticRegressor,50,Full,Hessian,Sekhari,FD,1,60000,0.01,0.1,0.01,0.8939,0.37592079723253846,[58537],184,0,1712892780.2308407,0.832,0.5625836968421936,64.99449157714844,64.67719268798828,61.59292844370898,61.59292844370898,10,3
mnist,LogisticRegressor,50,Full,Hessian,Sekhari,FD,1,60000,0.01,0.1,0.01,0.8939,0.37592079723253846,[43355],185,0,1712892786.9617667,0.8303,0.5678124967962503,0.0,0.0,0.0,0.0,10,7
mnist,LogisticRegressor,50,Full,Hessian,Sekhari,FD,1,60000,0.01,0.1,0.01,0.8939,0.37592079723253846,[17275],186,0,1712892793.7806914,0.8297,0.571132817491889,0.0,0.0,0.0,0.0,10,3
mnist,LogisticRegressor,50,Full,Hessian,Sekhari,FD,1,60000,0.01,0.1,0.01,0.8939,0.37592079723253846,[45684],187,0,1712892800.3363006,0.8335,0.5617076929658651,0.0,0.0,0.0,0.0,10,4
mnist,LogisticRegressor,50,Full,Hessian,Sekhari,FD,1,60000,0.01,0.1,0.01,0.8939,0.37592079723253846,[46639],188,0,1712892833.5174289,0.8324,0.5644173949956894,66.41569519042969,66.19497680664062,57.63539123970848,57.63539123970848,10,5
mnist,LogisticRegressor,50,Full,Hessian,Sekhari,FD,1,60000,0.01,0.1,0.01,0.8939,0.37592079723253846,[19739],189,0,1712892841.0925276,0.8287,0.5766757033765316,0.0,0.0,0.0,0.0,10,6
mnist,LogisticRegressor,50,Full,Hessian,Sekhari,FD,1,60000,0.01,0.1,0.01,0.8939,0.37592079723253846,[1609],190,0,1712892848.2421222,0.8269,0.577016694843769,0.0,0.0,0.0,0.0,10,5
mnist,LogisticRegressor,50,Full,Hessian,Sekhari,FD,1,60000,0.01,0.1,0.01,0.8939,0.37592079723253846,[14285],191,0,1712892855.233879,0.8234,0.5872496638447047,0.0,0.0,0.0,0.0,10,1
mnist,LogisticRegressor,50,Full,Hessian,Sekhari,FD,1,60000,0.01,0.1,0.01,0.8939,0.37592079723253846,[3616],192,0,1712892891.3197386,0.8217,0.5899797655642033,0.0,0.0,0.0,0.0,10,8
mnist,LogisticRegressor,50,Full,Hessian,Sekhari,FD,1,60000,0.01,0.1,0.01,0.8939,0.37592079723253846,[44413],193,0,1712892898.6864552,0.8187,0.6035583682358265,0.0,0.0,0.0,0.0,10,1
mnist,LogisticRegressor,50,Full,Hessian,Sekhari,FD,1,60000,0.01,0.1,0.01,0.8939,0.37592079723253846,[42107],194,0,1712892906.3484404,0.8171,0.6087271206080913,0.0,0.0,0.0,0.0,10,0
mnist,LogisticRegressor,50,Full,Hessian,Sekhari,FD,1,60000,0.01,0.1,0.01,0.8939,0.37592079723253846,[39633],195,0,1712892913.3031766,0.8175,0.6118033625185489,65.43171691894531,65.40428924560547,58.92163722436224,58.92163722436224,10,9
mnist,LogisticRegressor,50,Full,Hessian,Sekhari,FD,1,60000,0.01,0.1,0.01,0.8939,0.37592079723253846,[7832],196,0,1712892921.0329382,0.8194,0.6050633233040571,0.0,0.0,0.0,0.0,10,6
mnist,LogisticRegressor,50,Full,Hessian,Sekhari,FD,1,60000,0.01,0.1,0.01,0.8939,0.37592079723253846,[41644],197,0,1712892953.374107,0.8169,0.6130618240684271,65.6102066040039,65.22310638427734,58.04860157053388,58.04860157053388,10,1
mnist,LogisticRegressor,50,Full,Hessian,Sekhari,FD,1,60000,0.01,0.1,0.01,0.8939,0.37592079723253846,[58234],198,0,1712892960.730488,0.8173,0.6109046425670386,0.0,0.0,0.0,0.0,10,8
mnist,LogisticRegressor,50,Full,Hessian,Sekhari,FD,1,60000,0.01,0.1,0.01,0.8939,0.37592079723253846,[38286],199,0,1712892968.281989,0.8167,0.6099053919315338,0.0,0.0,0.0,0.0,10,7
mnist,LogisticRegressor,50,Full,Hessian,Sekhari,FD,1,60000,0.01,0.1,0.01,0.8939,0.37592079723253846,[22043],200,0,1712892975.2370424,0.8179,0.6095695436000824,0.0,0.0,0.0,0.0,10,1
mnist,LogisticRegressor,50,Full,Hessian,Sekhari,FD,1,60000,0.01,0.1,0.01,0.8939,0.37592079723253846,[49302],201,0,1712893011.2800705,0.8172,0.6124939057976008,0.0,0.0,0.0,0.0,10,2
mnist,LogisticRegressor,50,Full,Hessian,Sekhari,FD,1,60000,0.01,0.1,0.01,0.8939,0.37592079723253846,[59924],202,0,1712893018.6716874,0.8175,0.6121418911963701,0.0,0.0,0.0,0.0,10,1
mnist,LogisticRegressor,50,Full,Hessian,Sekhari,FD,1,60000,0.01,0.1,0.01,0.8939,0.37592079723253846,[37707],203,0,1712893025.9497705,0.8166,0.6113700460642576,0.0,0.0,0.0,0.0,10,3
mnist,LogisticRegressor,50,Full,Hessian,Sekhari,FD,1,60000,0.01,0.1,0.01,0.8939,0.37592079723253846,[22433],204,0,1712893033.0003827,0.8182,0.6085800480097532,0.0,0.0,0.0,0.0,10,9
mnist,LogisticRegressor,50,Full,Hessian,Sekhari,FD,1,60000,0.01,0.1,0.01,0.8939,0.37592079723253846,[53440],205,0,1712893040.090529,0.8166,0.6178133331239224,0.0,0.0,0.0,0.0,10,7
mnist,LogisticRegressor,50,Full,Hessian,Sekhari,FD,1,60000,0.01,0.1,0.01,0.8939,0.37592079723253846,[42331],206,0,1712893073.7670379,0.8157,0.6196167144924403,0.0,0.0,0.0,0.0,10,3
mnist,LogisticRegressor,50,Full,Hessian,Sekhari,FD,1,60000,0.01,0.1,0.01,0.8939,0.37592079723253846,[25693],207,0,1712893081.2636616,0.8074,0.6441824026405811,60.385257720947266,60.42849349975586,57.74237659530403,57.74237659530403,10,3
mnist,LogisticRegressor,50,Full,Hessian,Sekhari,FD,1,60000,0.01,0.1,0.01,0.8939,0.37592079723253846,[52833],208,0,1712893088.0110705,0.8091,0.6373810727149248,0.0,0.0,0.0,0.0,10,8
mnist,LogisticRegressor,50,Full,Hessian,Sekhari,FD,1,60000,0.01,0.1,0.01,0.8939,0.37592079723253846,[47211],209,0,1712893094.564452,0.8079,0.6445482470095157,0.0,0.0,0.0,0.0,10,1
mnist,LogisticRegressor,50,Full,Hessian,Sekhari,FD,1,60000,0.01,0.1,0.01,0.8939,0.37592079723253846,[55584],210,0,1712893102.43045,0.8035,0.6579742014408112,0.0,0.0,0.0,0.0,10,2
mnist,LogisticRegressor,50,Full,Hessian,Sekhari,FD,1,60000,0.01,0.1,0.01,0.8939,0.37592079723253846,[58627],211,0,1712893135.6061757,0.8078,0.6499430846422911,0.0,0.0,0.0,0.0,10,8
mnist,LogisticRegressor,50,Full,Hessian,Sekhari,FD,1,60000,0.01,0.1,0.01,0.8939,0.37592079723253846,[46810],212,0,1712893142.3969371,0.8039,0.6561275962740183,0.0,0.0,0.0,0.0,10,1
mnist,LogisticRegressor,50,Full,Hessian,Sekhari,FD,1,60000,0.01,0.1,0.01,0.8939,0.37592079723253846,[27597],213,0,1712893149.118907,0.8035,0.6620189178735018,0.0,0.0,0.0,0.0,10,9
mnist,LogisticRegressor,50,Full,Hessian,Sekhari,FD,1,60000,0.01,0.1,0.01,0.8939,0.37592079723253846,[52925],214,0,1712893156.3395767,0.8007,0.6687493223696948,0.0,0.0,0.0,0.0,10,0
mnist,LogisticRegressor,50,Full,Hessian,Sekhari,FD,1,60000,0.01,0.1,0.01,0.8939,0.37592079723253846,[50013],215,0,1712893191.2025354,0.803,0.6593519505113363,57.262664794921875,57.3455924987793,55.44207389624852,55.44207389624852,10,9
mnist,LogisticRegressor,50,Full,Hessian,Sekhari,FD,1,60000,0.01,0.1,0.01,0.8939,0.37592079723253846,[45903],216,0,1712893198.4052224,0.8062,0.6564802806824446,0.0,0.0,0.0,0.0,10,0
mnist,LogisticRegressor,50,Full,Hessian,Sekhari,FD,1,60000,0.01,0.1,0.01,0.8939,0.37592079723253846,[29021],217,0,1712893205.502449,0.8036,0.6622220121324063,0.0,0.0,0.0,0.0,10,8
mnist,LogisticRegressor,50,Full,Hessian,Sekhari,FD,1,60000,0.01,0.1,0.01,0.8939,0.37592079723253846,[41607],218,0,1712893212.6159203,0.8065,0.655849339067936,0.0,0.0,0.0,0.0,10,2
mnist,LogisticRegressor,50,Full,Hessian,Sekhari,FD,1,60000,0.01,0.1,0.01,0.8939,0.37592079723253846,[24049],219,0,1712893219.8014588,0.8051,0.6610127605497838,0.0,0.0,0.0,0.0,10,8
mnist,LogisticRegressor,50,Full,Hessian,Sekhari,FD,1,60000,0.01,0.1,0.01,0.8939,0.37592079723253846,[39628],220,0,1712893253.3225417,0.8035,0.6697322834283114,0.0,0.0,0.0,0.0,10,8
mnist,LogisticRegressor,50,Full,Hessian,Sekhari,FD,1,60000,0.01,0.1,0.01,0.8939,0.37592079723253846,[17487],221,0,1712893260.2597878,0.8044,0.6674083948135376,0.0,0.0,0.0,0.0,10,8
mnist,LogisticRegressor,50,Full,Hessian,Sekhari,FD,1,60000,0.01,0.1,0.01,0.8939,0.37592079723253846,[12129],222,0,1712893267.6094575,0.8079,0.6523813892155885,0.0,0.0,0.0,0.0,10,3
mnist,LogisticRegressor,50,Full,Hessian,Sekhari,FD,1,60000,0.01,0.1,0.01,0.8939,0.37592079723253846,[13656],223,0,1712893274.727283,0.8096,0.6441956717520952,0.0,0.0,0.0,0.0,10,8
mnist,LogisticRegressor,50,Full,Hessian,Sekhari,FD,1,60000,0.01,0.1,0.01,0.8939,0.37592079723253846,[56627],224,0,1712893281.7144141,0.8137,0.6325684666633606,0.0,0.0,0.0,0.0,10,0
mnist,LogisticRegressor,50,Full,Hessian,Sekhari,FD,1,60000,0.01,0.1,0.01,0.8939,0.37592079723253846,[5401],225,0,1712893315.4461193,0.8111,0.6414814762771129,71.65656280517578,71.52874755859375,61.05527163759804,61.05527163759804,10,2
mnist,LogisticRegressor,50,Full,Hessian,Sekhari,FD,1,60000,0.01,0.1,0.01,0.8939,0.37592079723253846,[27227],226,0,1712893322.870181,0.8146,0.6286274142563343,0.0,0.0,0.0,0.0,10,8
mnist,LogisticRegressor,50,Full,Hessian,Sekhari,FD,1,60000,0.01,0.1,0.01,0.8939,0.37592079723253846,[56412],227,0,1712893330.3990226,0.8132,0.6290681526064873,0.0,0.0,0.0,0.0,10,0
mnist,LogisticRegressor,50,Full,Hessian,Sekhari,FD,1,60000,0.01,0.1,0.01,0.8939,0.37592079723253846,[30395],228,0,1712893337.801448,0.8148,0.6263161342591047,61.65468215942383,61.099430084228516,55.56626299590519,55.56626299590519,10,3
mnist,LogisticRegressor,50,Full,Hessian,Sekhari,FD,1,60000,0.01,0.1,0.01,0.8939,0.37592079723253846,[4901],229,0,1712893371.8012881,0.8115,0.6405308958142996,0.0,0.0,0.0,0.0,10,6
mnist,LogisticRegressor,50,Full,Hessian,Sekhari,FD,1,60000,0.01,0.1,0.01,0.8939,0.37592079723253846,[25812],230,0,1712893378.7900066,0.8153,0.6317037861794234,0.0,0.0,0.0,0.0,10,9
mnist,LogisticRegressor,50,Full,Hessian,Sekhari,FD,1,60000,0.01,0.1,0.01,0.8939,0.37592079723253846,[8085],231,0,1712893385.8227665,0.81,0.6467132277786731,0.0,0.0,0.0,0.0,10,4
mnist,LogisticRegressor,50,Full,Hessian,Sekhari,FD,1,60000,0.01,0.1,0.01,0.8939,0.37592079723253846,[6412],232,0,1712893392.411965,0.8094,0.6471083864569664,0.0,0.0,0.0,0.0,10,4
mnist,LogisticRegressor,50,Full,Hessian,Sekhari,FD,1,60000,0.01,0.1,0.01,0.8939,0.37592079723253846,[46119],233,0,1712893399.7279427,0.8103,0.642675320059061,0.0,0.0,0.0,0.0,10,8
mnist,LogisticRegressor,50,Full,Hessian,Sekhari,FD,1,60000,0.01,0.1,0.01,0.8939,0.37592079723253846,[10264],234,0,1712893433.3523417,0.8125,0.638582319766283,0.0,0.0,0.0,0.0,10,8
mnist,LogisticRegressor,50,Full,Hessian,Sekhari,FD,1,60000,0.01,0.1,0.01,0.8939,0.37592079723253846,[13543],235,0,1712893440.7774625,0.8136,0.6349398158490658,61.492801666259766,60.868621826171875,58.67764730932698,58.67764730932698,10,0
mnist,LogisticRegressor,50,Full,Hessian,Sekhari,FD,1,60000,0.01,0.1,0.01,0.8939,0.37592079723253846,[21079],236,0,1712893448.0944266,0.8099,0.6454255785793066,0.0,0.0,0.0,0.0,10,1
mnist,LogisticRegressor,50,Full,Hessian,Sekhari,FD,1,60000,0.01,0.1,0.01,0.8939,0.37592079723253846,[10251],237,0,1712893455.582209,0.8113,0.6418730605393648,0.0,0.0,0.0,0.0,10,0
mnist,LogisticRegressor,50,Full,Hessian,Sekhari,FD,1,60000,0.01,0.1,0.01,0.8939,0.37592079723253846,[36783],238,0,1712893491.5189893,0.812,0.6377400163561106,0.0,0.0,0.0,0.0,10,4
mnist,LogisticRegressor,50,Full,Hessian,Sekhari,FD,1,60000,0.01,0.1,0.01,0.8939,0.37592079723253846,[57233],239,0,1712893498.391885,0.8094,0.6530908044427634,0.0,0.0,0.0,0.0,10,1
mnist,LogisticRegressor,50,Full,Hessian,Sekhari,FD,1,60000,0.01,0.1,0.01,0.8939,0.37592079723253846,[32852],240,0,1712893505.692769,0.8111,0.6454826727509498,0.0,0.0,0.0,0.0,10,3
mnist,LogisticRegressor,50,Full,Hessian,Sekhari,FD,1,60000,0.01,0.1,0.01,0.8939,0.37592079723253846,[24852],241,0,1712893512.8263855,0.8145,0.6337912671267987,0.0,0.0,0.0,0.0,10,5
mnist,LogisticRegressor,50,Full,Hessian,Sekhari,FD,1,60000,0.01,0.1,0.01,0.8939,0.37592079723253846,[38418],242,0,1712893520.0764556,0.814,0.6362384408712387,0.0,0.0,0.0,0.0,10,7
mnist,LogisticRegressor,50,Full,Hessian,Sekhari,FD,1,60000,0.01,0.1,0.01,0.8939,0.37592079723253846,[35033],243,0,1712893553.0674381,0.8163,0.6264993935823441,64.56407928466797,64.39274597167969,55.76212260559952,55.76212260559952,10,1
mnist,LogisticRegressor,50,Full,Hessian,Sekhari,FD,1,60000,0.01,0.1,0.01,0.8939,0.37592079723253846,[37306],244,0,1712893560.1792545,0.8182,0.6158762261271477,0.0,0.0,0.0,0.0,10,1
mnist,LogisticRegressor,50,Full,Hessian,Sekhari,FD,1,60000,0.01,0.1,0.01,0.8939,0.37592079723253846,[44994],245,0,1712893567.5745559,0.8232,0.5996266942471266,0.0,0.0,0.0,0.0,10,2
mnist,LogisticRegressor,50,Full,Hessian,Sekhari,FD,1,60000,0.01,0.1,0.01,0.8939,0.37592079723253846,[21718],246,0,1712893574.204993,0.8208,0.6078293837606907,0.0,0.0,0.0,0.0,10,0
mnist,LogisticRegressor,50,Full,Hessian,Sekhari,FD,1,60000,0.01,0.1,0.01,0.8939,0.37592079723253846,[1503],247,0,1712893581.0136445,0.819,0.6128457244485617,0.0,0.0,0.0,0.0,10,6
mnist,LogisticRegressor,50,Full,Hessian,Sekhari,FD,1,60000,0.01,0.1,0.01,0.8939,0.37592079723253846,[12301],248,0,1712893615.7279477,0.8203,0.6102251596748829,0.0,0.0,0.0,0.0,10,0
mnist,LogisticRegressor,50,Full,Hessian,Sekhari,FD,1,60000,0.01,0.1,0.01,0.8939,0.37592079723253846,[6864],249,0,1712893623.23014,0.8182,0.6188038166612386,0.0,0.0,0.0,0.0,10,1
mnist,LogisticRegressor,50,Full,Hessian,Sekhari,FD,1,60000,0.01,0.1,0.01,0.8939,0.37592079723253846,[29350],250,0,1712893630.4967115,0.8177,0.6176049318164587,0.0,0.0,0.0,0.0,10,2
mnist,LogisticRegressor,50,Full,Hessian,Sekhari,FD,1,60000,0.01,0.1,0.01,0.8939,0.37592079723253846,[39371],251,0,1712893638.2024536,0.8168,0.6211809016764164,0.0,0.0,0.0,0.0,10,6
mnist,LogisticRegressor,50,Full,Hessian,Sekhari,FD,1,60000,0.01,0.1,0.01,0.8939,0.37592079723253846,[26855],252,0,1712893671.2206416,0.8167,0.6243324514478445,0.0,0.0,0.0,0.0,10,7
mnist,LogisticRegressor,50,Full,Hessian,Sekhari,FD,1,60000,0.01,0.1,0.01,0.8939,0.37592079723253846,[50297],253,0,1712893678.2671955,0.8166,0.6244181022047997,0.0,0.0,0.0,0.0,10,7
mnist,LogisticRegressor,50,Full,Hessian,Sekhari,FD,1,60000,0.01,0.1,0.01,0.8939,0.37592079723253846,[35857],254,0,1712893685.4736006,0.8189,0.6214988339692354,0.0,0.0,0.0,0.0,10,7
mnist,LogisticRegressor,50,Full,Hessian,Sekhari,FD,1,60000,0.01,0.1,0.01,0.8939,0.37592079723253846,[14438],255,0,1712893692.4494882,0.8216,0.6106816548854113,0.0,0.0,0.0,0.0,10,8
mnist,LogisticRegressor,50,Full,Hessian,Sekhari,FD,1,60000,0.01,0.1,0.01,0.8939,0.37592079723253846,[53709],256,0,1712893699.379911,0.8222,0.6083552911877632,0.0,0.0,0.0,0.0,10,0
mnist,LogisticRegressor,50,Full,Hessian,Sekhari,FD,1,60000,0.01,0.1,0.01,0.8939,0.37592079723253846,[59507],257,0,1712893731.8336048,0.8237,0.5970579367130995,64.04381561279297,63.786216735839844,55.46359704484023,55.46359704484023,10,8
mnist,LogisticRegressor,50,Full,Hessian,Sekhari,FD,1,60000,0.01,0.1,0.01,0.8939,0.37592079723253846,[53915],258,0,1712893739.1345227,0.8208,0.6123965915292502,0.0,0.0,0.0,0.0,10,6
mnist,LogisticRegressor,50,Full,Hessian,Sekhari,FD,1,60000,0.01,0.1,0.01,0.8939,0.37592079723253846,[27508],259,0,1712893746.971886,0.8209,0.6135770339518786,71.85774993896484,71.71595764160156,59.48802296140495,59.48802296140495,10,4
mnist,LogisticRegressor,50,Full,Hessian,Sekhari,FD,1,60000,0.01,0.1,0.01,0.8939,0.37592079723253846,[27403],260,0,1712893754.9624224,0.8172,0.6204871147871017,0.0,0.0,0.0,0.0,10,0
mnist,LogisticRegressor,50,Full,Hessian,Sekhari,FD,1,60000,0.01,0.1,0.01,0.8939,0.37592079723253846,[43675],261,0,1712893762.880973,0.8153,0.6238949798047543,0.0,0.0,0.0,0.0,10,6
mnist,LogisticRegressor,50,Full,Hessian,Sekhari,FD,1,60000,0.01,0.1,0.01,0.8939,0.37592079723253846,[283],262,0,1712893795.387007,0.8118,0.6417085338383913,0.0,0.0,0.0,0.0,10,3
mnist,LogisticRegressor,50,Full,Hessian,Sekhari,FD,1,60000,0.01,0.1,0.01,0.8939,0.37592079723253846,[23058],263,0,1712893803.0923653,0.81,0.6509889483451843,0.0,0.0,0.0,0.0,10,9
mnist,LogisticRegressor,50,Full,Hessian,Sekhari,FD,1,60000,0.01,0.1,0.01,0.8939,0.37592079723253846,[50587],264,0,1712893810.1939979,0.8088,0.6538240853697062,0.0,0.0,0.0,0.0,10,8
mnist,LogisticRegressor,50,Full,Hessian,Sekhari,FD,1,60000,0.01,0.1,0.01,0.8939,0.37592079723253846,[1675],265,0,1712893817.6432257,0.8094,0.6506722539663314,0.0,0.0,0.0,0.0,10,1
mnist,LogisticRegressor,50,Full,Hessian,Sekhari,FD,1,60000,0.01,0.1,0.01,0.8939,0.37592079723253846,[30340],266,0,1712893851.882119,0.8077,0.6569465417414904,0.0,0.0,0.0,0.0,10,4
mnist,LogisticRegressor,50,Full,Hessian,Sekhari,FD,1,60000,0.01,0.1,0.01,0.8939,0.37592079723253846,[22501],267,0,1712893858.892873,0.8101,0.6572176367044449,0.0,0.0,0.0,0.0,10,1
mnist,LogisticRegressor,50,Full,Hessian,Sekhari,FD,1,60000,0.01,0.1,0.01,0.8939,0.37592079723253846,[5343],268,0,1712893866.131074,0.808,0.6621127083897591,76.84037780761719,76.7312240600586,62.30852788846201,62.30852788846201,10,6
mnist,LogisticRegressor,50,Full,Hessian,Sekhari,FD,1,60000,0.01,0.1,0.01,0.8939,0.37592079723253846,[13692],269,0,1712893872.8882897,0.8089,0.6587262615561486,0.0,0.0,0.0,0.0,10,0
mnist,LogisticRegressor,50,Full,Hessian,Sekhari,FD,1,60000,0.01,0.1,0.01,0.8939,0.37592079723253846,[59217],270,0,1712893879.6146898,0.8084,0.6606504064053297,0.0,0.0,0.0,0.0,10,8
mnist,LogisticRegressor,50,Full,Hessian,Sekhari,FD,1,60000,0.01,0.1,0.01,0.8939,0.37592079723253846,[10708],271,0,1712893913.6424801,0.8052,0.6672285202890634,73.31202697753906,73.24508666992188,55.71817999910135,55.71817999910135,10,5
mnist,LogisticRegressor,50,Full,Hessian,Sekhari,FD,1,60000,0.01,0.1,0.01,0.8939,0.37592079723253846,[29152],272,0,1712893921.4332323,0.8113,0.6508446637541055,0.0,0.0,0.0,0.0,10,4
mnist,LogisticRegressor,50,Full,Hessian,Sekhari,FD,1,60000,0.01,0.1,0.01,0.8939,0.37592079723253846,[48295],273,0,1712893928.9877315,0.8128,0.6458654060959816,70.56981658935547,70.01200103759766,57.85906757344937,57.85906757344937,10,9
mnist,LogisticRegressor,50,Full,Hessian,Sekhari,FD,1,60000,0.01,0.1,0.01,0.8939,0.37592079723253846,[9968],274,0,1712893936.430502,0.8151,0.6415528979152441,0.0,0.0,0.0,0.0,10,8
mnist,LogisticRegressor,50,Full,Hessian,Sekhari,FD,1,60000,0.01,0.1,0.01,0.8939,0.37592079723253846,[31908],275,0,1712893943.8314009,0.8091,0.6588111490011215,0.0,0.0,0.0,0.0,10,6
mnist,LogisticRegressor,50,Full,Hessian,Sekhari,FD,1,60000,0.01,0.1,0.01,0.8939,0.37592079723253846,[17221],276,0,1712893975.4727345,0.8089,0.659690897539258,0.0,0.0,0.0,0.0,10,0
mnist,LogisticRegressor,50,Full,Hessian,Sekhari,FD,1,60000,0.01,0.1,0.01,0.8939,0.37592079723253846,[56414],277,0,1712893982.9743593,0.8095,0.6538963690400124,0.0,0.0,0.0,0.0,10,0
mnist,LogisticRegressor,50,Full,Hessian,Sekhari,FD,1,60000,0.01,0.1,0.01,0.8939,0.37592079723253846,[38402],278,0,1712893990.4100404,0.809,0.6605953153222799,75.80310821533203,75.5829849243164,61.67632628125759,61.67632628125759,10,2
mnist,LogisticRegressor,50,Full,Hessian,Sekhari,FD,1,60000,0.01,0.1,0.01,0.8939,0.37592079723253846,[43747],279,0,1712893998.3072224,0.8079,0.6625598575919867,0.0,0.0,0.0,0.0,10,7
mnist,LogisticRegressor,50,Full,Hessian,Sekhari,FD,1,60000,0.01,0.1,0.01,0.8939,0.37592079723253846,[22360],280,0,1712894032.0983956,0.8056,0.666574452444911,0.0,0.0,0.0,0.0,10,2
mnist,LogisticRegressor,50,Full,Hessian,Sekhari,FD,1,60000,0.01,0.1,0.01,0.8939,0.37592079723253846,[23320],281,0,1712894039.6096127,0.8034,0.6749692600220442,0.0,0.0,0.0,0.0,10,8
mnist,LogisticRegressor,50,Full,Hessian,Sekhari,FD,1,60000,0.01,0.1,0.01,0.8939,0.37592079723253846,[387],282,0,1712894047.2427633,0.8058,0.6698328338563442,0.0,0.0,0.0,0.0,10,2
mnist,LogisticRegressor,50,Full,Hessian,Sekhari,FD,1,60000,0.01,0.1,0.01,0.8939,0.37592079723253846,[36693],283,0,1712894054.937382,0.8031,0.6762885354459286,0.0,0.0,0.0,0.0,10,2
mnist,LogisticRegressor,50,Full,Hessian,Sekhari,FD,1,60000,0.01,0.1,0.01,0.8939,0.37592079723253846,[41953],284,0,1712894061.9340641,0.8012,0.6796775590628386,0.0,0.0,0.0,0.0,10,4
mnist,LogisticRegressor,50,Full,Hessian,Sekhari,FD,1,60000,0.01,0.1,0.01,0.8939,0.37592079723253846,[18406],285,0,1712894094.7921855,0.8029,0.6762028321623802,68.76171112060547,68.92829132080078,53.622480568351776,53.622480568351776,10,9
mnist,LogisticRegressor,50,Full,Hessian,Sekhari,FD,1,60000,0.01,0.1,0.01,0.8939,0.37592079723253846,[37194],286,0,1712894102.1887474,0.8019,0.6778901118785143,0.0,0.0,0.0,0.0,10,8
mnist,LogisticRegressor,50,Full,Hessian,Sekhari,FD,1,60000,0.01,0.1,0.01,0.8939,0.37592079723253846,[5148],287,0,1712894109.646803,0.8048,0.6694182198494673,0.0,0.0,0.0,0.0,10,1
mnist,LogisticRegressor,50,Full,Hessian,Sekhari,FD,1,60000,0.01,0.1,0.01,0.8939,0.37592079723253846,[20899],288,0,1712894117.3699157,0.8024,0.6778343472629785,0.0,0.0,0.0,0.0,10,0
mnist,LogisticRegressor,50,Full,Hessian,Sekhari,FD,1,60000,0.01,0.1,0.01,0.8939,0.37592079723253846,[38283],289,0,1712894151.3994873,0.8046,0.6691233541816473,0.0,0.0,0.0,0.0,10,3
mnist,LogisticRegressor,50,Full,Hessian,Sekhari,FD,1,60000,0.01,0.1,0.01,0.8939,0.37592079723253846,[22661],290,0,1712894158.8924832,0.8005,0.6823060031980276,0.0,0.0,0.0,0.0,10,8
mnist,LogisticRegressor,50,Full,Hessian,Sekhari,FD,1,60000,0.01,0.1,0.01,0.8939,0.37592079723253846,[22758],291,0,1712894167.2507658,0.8011,0.6853032246232033,67.40579223632812,67.28154754638672,55.163444189057564,55.163444189057564,10,2
mnist,LogisticRegressor,50,Full,Hessian,Sekhari,FD,1,60000,0.01,0.1,0.01,0.8939,0.37592079723253846,[9132],292,0,1712894174.7556555,0.8012,0.6784670583903789,0.0,0.0,0.0,0.0,10,7
mnist,LogisticRegressor,50,Full,Hessian,Sekhari,FD,1,60000,0.01,0.1,0.01,0.8939,0.37592079723253846,[11414],293,0,1712894182.272783,0.8004,0.6808079794049263,62.35129928588867,62.01313781738281,54.1646064398263,54.1646064398263,10,0
mnist,LogisticRegressor,50,Full,Hessian,Sekhari,FD,1,60000,0.01,0.1,0.01,0.8939,0.37592079723253846,[12834],294,0,1712894215.054882,0.8005,0.6817914597690106,0.0,0.0,0.0,0.0,10,6
mnist,LogisticRegressor,50,Full,Hessian,Sekhari,FD,1,60000,0.01,0.1,0.01,0.8939,0.37592079723253846,[26154],295,0,1712894222.4743266,0.8003,0.6883324094116687,74.34557342529297,74.51652526855469,59.99426304423138,59.99426304423138,10,6
mnist,LogisticRegressor,50,Full,Hessian,Sekhari,FD,1,60000,0.01,0.1,0.01,0.8939,0.37592079723253846,[39695],296,0,1712894229.6397398,0.8001,0.6889385391026736,0.0,0.0,0.0,0.0,10,4
mnist,LogisticRegressor,50,Full,Hessian,Sekhari,FD,1,60000,0.01,0.1,0.01,0.8939,0.37592079723253846,[32421],297,0,1712894237.5327795,0.8006,0.6837743133306503,74.32328796386719,74.27180480957031,59.07316303874856,59.07316303874856,10,4
mnist,LogisticRegressor,50,Full,Hessian,Sekhari,FD,1,60000,0.01,0.1,0.01,0.8939,0.37592079723253846,[20595],298,0,1712894272.55294,0.7987,0.693975979089737,68.99118041992188,68.54678344726562,56.3551001694795,56.3551001694795,10,7
mnist,LogisticRegressor,50,Full,Hessian,Sekhari,FD,1,60000,0.01,0.1,0.01,0.8939,0.37592079723253846,[14278],299,0,1712894279.4341576,0.7947,0.7007569506764412,0.0,0.0,0.0,0.0,10,0
mnist,LogisticRegressor,50,Full,Hessian,Sekhari,FD,1,60000,0.01,0.1,0.01,0.8939,0.37592079723253846,[59528],300,0,1712894287.0345132,0.7963,0.7010642156004906,76.58648681640625,76.21531677246094,57.84866418890894,57.84866418890894,10,5
mnist,LogisticRegressor,50,Full,Hessian,Sekhari,FD,1,60000,0.01,0.1,0.01,0.8939,0.37592079723253846,[34486],301,0,1712894294.2775152,0.7923,0.7160532511770725,0.0,0.0,0.0,0.0,10,2
mnist,LogisticRegressor,50,Full,Hessian,Sekhari,FD,1,60000,0.01,0.1,0.01,0.8939,0.37592079723253846,[56801],302,0,1712894301.9024127,0.791,0.7229872584342957,69.06517791748047,69.1365966796875,56.83849258267505,56.83849258267505,10,4
mnist,LogisticRegressor,50,Full,Hessian,Sekhari,FD,1,60000,0.01,0.1,0.01,0.8939,0.37592079723253846,[14623],303,0,1712894334.7044666,0.7903,0.7251998290419579,0.0,0.0,0.0,0.0,10,4
mnist,LogisticRegressor,50,Full,Hessian,Sekhari,FD,1,60000,0.01,0.1,0.01,0.8939,0.37592079723253846,[59413],304,0,1712894342.1424515,0.7916,0.7242954403162003,72.16058349609375,72.10306549072266,57.54382797874514,57.54382797874514,10,0
mnist,LogisticRegressor,50,Full,Hessian,Sekhari,FD,1,60000,0.01,0.1,0.01,0.8939,0.37592079723253846,[21386],305,0,1712894349.2502074,0.7914,0.7305534601211547,0.0,0.0,0.0,0.0,10,7
mnist,LogisticRegressor,50,Full,Hessian,Sekhari,FD,1,60000,0.01,0.1,0.01,0.8939,0.37592079723253846,[3913],306,0,1712894356.4326825,0.7901,0.7290735676884651,0.0,0.0,0.0,0.0,10,2
mnist,LogisticRegressor,50,Full,Hessian,Sekhari,FD,1,60000,0.01,0.1,0.01,0.8939,0.37592079723253846,[49601],307,0,1712894391.138281,0.7877,0.7384754166007041,72.78465270996094,73.11298370361328,56.305665835328995,56.305665835328995,10,2
mnist,LogisticRegressor,50,Full,Hessian,Sekhari,FD,1,60000,0.01,0.1,0.01,0.8939,0.37592079723253846,[6980],308,0,1712894399.1943815,0.7855,0.7512989901006222,0.0,0.0,0.0,0.0,10,7
mnist,LogisticRegressor,50,Full,Hessian,Sekhari,FD,1,60000,0.01,0.1,0.01,0.8939,0.37592079723253846,[3080],309,0,1712894407.0747004,0.7846,0.755630624294281,0.0,0.0,0.0,0.0,10,3
mnist,LogisticRegressor,50,Full,Hessian,Sekhari,FD,1,60000,0.01,0.1,0.01,0.8939,0.37592079723253846,[43214],310,0,1712894414.796714,0.7788,0.7764256477355957,0.0,0.0,0.0,0.0,10,3
mnist,LogisticRegressor,50,Full,Hessian,Sekhari,FD,1,60000,0.01,0.1,0.01,0.8939,0.37592079723253846,[18370],311,0,1712894422.2842753,0.7781,0.7757110223174095,75.4012451171875,75.61866760253906,60.22434002552923,60.22434002552923,10,3
mnist,LogisticRegressor,50,Full,Hessian,Sekhari,FD,1,60000,0.01,0.1,0.01,0.8939,0.37592079723253846,[6865],312,0,1712894454.728426,0.7746,0.7910586841404438,0.0,0.0,0.0,0.0,10,5
mnist,LogisticRegressor,50,Full,Hessian,Sekhari,FD,1,60000,0.01,0.1,0.01,0.8939,0.37592079723253846,[47201],313,0,1712894461.863888,0.7791,0.7767396807670593,0.0,0.0,0.0,0.0,10,8
mnist,LogisticRegressor,50,Full,Hessian,Sekhari,FD,1,60000,0.01,0.1,0.01,0.8939,0.37592079723253846,[32187],314,0,1712894469.2036946,0.7744,0.7925105333328247,0.0,0.0,0.0,0.0,10,0
mnist,LogisticRegressor,50,Full,Hessian,Sekhari,FD,1,60000,0.01,0.1,0.01,0.8939,0.37592079723253846,[45917],315,0,1712894476.631485,0.7742,0.7961291529238224,0.0,0.0,0.0,0.0,10,1
mnist,LogisticRegressor,50,Full,Hessian,Sekhari,FD,1,60000,0.01,0.1,0.01,0.8939,0.37592079723253846,[3349],316,0,1712894512.9187617,0.7754,0.791910494863987,0.0,0.0,0.0,0.0,10,1
mnist,LogisticRegressor,50,Full,Hessian,Sekhari,FD,1,60000,0.01,0.1,0.01,0.8939,0.37592079723253846,[21514],317,0,1712894520.0544684,0.7735,0.7947451919317245,0.0,0.0,0.0,0.0,10,3
mnist,LogisticRegressor,50,Full,Hessian,Sekhari,FD,1,60000,0.01,0.1,0.01,0.8939,0.37592079723253846,[36146],318,0,1712894526.93085,0.7778,0.7738582156598568,72.2529296875,71.92677307128906,53.12229767146934,53.12229767146934,10,3
mnist,LogisticRegressor,50,Full,Hessian,Sekhari,FD,1,60000,0.01,0.1,0.01,0.8939,0.37592079723253846,[6002],319,0,1712894534.336356,0.7728,0.7917189843952656,70.0467300415039,69.86299896240234,52.60846643277479,52.60846643277479,10,3
mnist,LogisticRegressor,50,Full,Hessian,Sekhari,FD,1,60000,0.01,0.1,0.01,0.8939,0.37592079723253846,[15988],320,0,1712894570.9755638,0.7715,0.7968953184783458,0.0,0.0,0.0,0.0,10,5
mnist,LogisticRegressor,50,Full,Hessian,Sekhari,FD,1,60000,0.01,0.1,0.01,0.8939,0.37592079723253846,[44371],321,0,1712894578.9231112,0.7674,0.815749129652977,0.0,0.0,0.0,0.0,10,7
mnist,LogisticRegressor,50,Full,Hessian,Sekhari,FD,1,60000,0.01,0.1,0.01,0.8939,0.37592079723253846,[51806],322,0,1712894586.5740843,0.7698,0.8074635803699494,78.14885711669922,78.10269165039062,57.833295554703426,57.833295554703426,10,9
mnist,LogisticRegressor,50,Full,Hessian,Sekhari,FD,1,60000,0.01,0.1,0.01,0.8939,0.37592079723253846,[48494],323,0,1712894593.5323877,0.7711,0.80496062412858,0.0,0.0,0.0,0.0,10,8
mnist,LogisticRegressor,50,Full,Hessian,Sekhari,FD,1,60000,0.01,0.1,0.01,0.8939,0.37592079723253846,[4174],324,0,1712894600.8362796,0.7723,0.7959400147199631,0.0,0.0,0.0,0.0,10,7
mnist,LogisticRegressor,50,Full,Hessian,Sekhari,FD,1,60000,0.01,0.1,0.01,0.8939,0.37592079723253846,[13561],325,0,1712894633.3314648,0.7722,0.7937976762652397,0.0,0.0,0.0,0.0,10,2
mnist,LogisticRegressor,50,Full,Hessian,Sekhari,FD,1,60000,0.01,0.1,0.01,0.8939,0.37592079723253846,[9373],326,0,1712894640.4981847,0.7727,0.7954124987125397,0.0,0.0,0.0,0.0,10,6
mnist,LogisticRegressor,50,Full,Hessian,Sekhari,FD,1,60000,0.01,0.1,0.01,0.8939,0.37592079723253846,[33341],327,0,1712894647.6876135,0.776,0.7878207564353943,0.0,0.0,0.0,0.0,10,1
mnist,LogisticRegressor,50,Full,Hessian,Sekhari,FD,1,60000,0.01,0.1,0.01,0.8939,0.37592079723253846,[30950],328,0,1712894654.4494808,0.7711,0.8015274479985237,70.1389389038086,69.5178451538086,57.64770137577952,57.64770137577952,10,2
mnist,LogisticRegressor,50,Full,Hessian,Sekhari,FD,1,60000,0.01,0.1,0.01,0.8939,0.37592079723253846,[53486],329,0,1712894661.472076,0.7717,0.8025262571871281,0.0,0.0,0.0,0.0,10,5
mnist,LogisticRegressor,50,Full,Hessian,Sekhari,FD,1,60000,0.01,0.1,0.01,0.8939,0.37592079723253846,[4751],330,0,1712894695.4003341,0.7651,0.8329997815191745,78.3105239868164,78.60626983642578,59.16944514283185,59.16944514283185,10,9
mnist,LogisticRegressor,50,Full,Hessian,Sekhari,FD,1,60000,0.01,0.1,0.01,0.8939,0.37592079723253846,[40399],331,0,1712894702.7896426,0.7621,0.8466062605381012,0.0,0.0,0.0,0.0,10,6
mnist,LogisticRegressor,50,Full,Hessian,Sekhari,FD,1,60000,0.01,0.1,0.01,0.8939,0.37592079723253846,[47048],332,0,1712894709.8230548,0.7632,0.8448233209550381,0.0,0.0,0.0,0.0,10,0
mnist,LogisticRegressor,50,Full,Hessian,Sekhari,FD,1,60000,0.01,0.1,0.01,0.8939,0.37592079723253846,[54622],333,0,1712894716.9183319,0.7622,0.8505956925451755,0.0,0.0,0.0,0.0,10,2
mnist,LogisticRegressor,50,Full,Hessian,Sekhari,FD,1,60000,0.01,0.1,0.01,0.8939,0.37592079723253846,[5372],334,0,1712894752.138782,0.7642,0.84483378008008,0.0,0.0,0.0,0.0,10,2
mnist,LogisticRegressor,50,Full,Hessian,Sekhari,FD,1,60000,0.01,0.1,0.01,0.8939,0.37592079723253846,[2684],335,0,1712894759.3619626,0.7632,0.847295007109642,0.0,0.0,0.0,0.0,10,6
mnist,LogisticRegressor,50,Full,Hessian,Sekhari,FD,1,60000,0.01,0.1,0.01,0.8939,0.37592079723253846,[26856],336,0,1712894767.076892,0.7598,0.8599174976348877,0.0,0.0,0.0,0.0,10,6
mnist,LogisticRegressor,50,Full,Hessian,Sekhari,FD,1,60000,0.01,0.1,0.01,0.8939,0.37592079723253846,[31558],337,0,1712894774.4142833,0.7564,0.8770922563970089,0.0,0.0,0.0,0.0,10,8
mnist,LogisticRegressor,50,Full,Hessian,Sekhari,FD,1,60000,0.01,0.1,0.01,0.8939,0.37592079723253846,[50434],338,0,1712894781.7152095,0.7551,0.8827902130782604,78.650390625,78.87840270996094,55.825719872216304,55.825719872216304,10,9
mnist,LogisticRegressor,50,Full,Hessian,Sekhari,FD,1,60000,0.01,0.1,0.01,0.8939,0.37592079723253846,[41642],339,0,1712894814.7489638,0.7609,0.85520441532135,0.0,0.0,0.0,0.0,10,5
mnist,LogisticRegressor,50,Full,Hessian,Sekhari,FD,1,60000,0.01,0.1,0.01,0.8939,0.37592079723253846,[42902],340,0,1712894822.0728118,0.7539,0.8823682270944119,76.04016876220703,75.89237976074219,57.6165256160344,57.6165256160344,10,4
mnist,LogisticRegressor,50,Full,Hessian,Sekhari,FD,1,60000,0.01,0.1,0.01,0.8939,0.37592079723253846,[50340],341,0,1712894829.269743,0.7491,0.9014193877577782,0.0,0.0,0.0,0.0,10,6
mnist,LogisticRegressor,50,Full,Hessian,Sekhari,FD,1,60000,0.01,0.1,0.01,0.8939,0.37592079723253846,[20809],342,0,1712894836.5269678,0.7499,0.8968225173652172,0.0,0.0,0.0,0.0,10,7
mnist,LogisticRegressor,50,Full,Hessian,Sekhari,FD,1,60000,0.01,0.1,0.01,0.8939,0.37592079723253846,[10113],343,0,1712894871.1868098,0.7491,0.8987778268754483,0.0,0.0,0.0,0.0,10,1
mnist,LogisticRegressor,50,Full,Hessian,Sekhari,FD,1,60000,0.01,0.1,0.01,0.8939,0.37592079723253846,[49274],344,0,1712894877.9018054,0.7545,0.8799334175884723,71.13394165039062,71.24688720703125,54.341796118640424,54.341796118640424,10,2
mnist,LogisticRegressor,50,Full,Hessian,Sekhari,FD,1,60000,0.01,0.1,0.01,0.8939,0.37592079723253846,[20657],345,0,1712894884.7173202,0.7551,0.877846036106348,0.0,0.0,0.0,0.0,10,5
mnist,LogisticRegressor,50,Full,Hessian,Sekhari,FD,1,60000,0.01,0.1,0.01,0.8939,0.37592079723253846,[52393],346,0,1712894891.8754838,0.7553,0.8748914733529091,0.0,0.0,0.0,0.0,10,3
mnist,LogisticRegressor,50,Full,Hessian,Sekhari,FD,1,60000,0.01,0.1,0.01,0.8939,0.37592079723253846,[47069],347,0,1712894898.7202733,0.7565,0.8753986790776253,79.81362915039062,79.61371612548828,59.13060737118895,59.13060737118895,10,3
mnist,LogisticRegressor,50,Full,Hessian,Sekhari,FD,1,60000,0.01,0.1,0.01,0.8939,0.37592079723253846,[39618],348,0,1712894931.8147776,0.7558,0.8793207585811615,0.0,0.0,0.0,0.0,10,7
mnist,LogisticRegressor,50,Full,Hessian,Sekhari,FD,1,60000,0.01,0.1,0.01,0.8939,0.37592079723253846,[1463],349,0,1712894938.7423122,0.7557,0.8823941253125668,0.0,0.0,0.0,0.0,10,6
mnist,LogisticRegressor,50,Full,Hessian,Sekhari,FD,1,60000,0.01,0.1,0.01,0.8939,0.37592079723253846,[10204],350,0,1712894945.467308,0.7525,0.8948732912540436,0.0,0.0,0.0,0.0,10,2
mnist,LogisticRegressor,50,Full,Hessian,Sekhari,FD,1,60000,0.01,0.1,0.01,0.8939,0.37592079723253846,[30376],351,0,1712894952.30234,0.7452,0.9246296301484108,68.60747528076172,68.4117202758789,55.32997742997268,55.32997742997268,10,0
mnist,LogisticRegressor,50,Full,Hessian,Sekhari,FD,1,60000,0.01,0.1,0.01,0.8939,0.37592079723253846,[14091],352,0,1712894958.8515081,0.7469,0.9155123203992843,0.0,0.0,0.0,0.0,10,1
mnist,LogisticRegressor,50,Full,Hessian,Sekhari,FD,1,60000,0.01,0.1,0.01,0.8939,0.37592079723253846,[51185],353,0,1712894993.1822553,0.7488,0.906254718452692,0.0,0.0,0.0,0.0,10,0
mnist,LogisticRegressor,50,Full,Hessian,Sekhari,FD,1,60000,0.01,0.1,0.01,0.8939,0.37592079723253846,[58024],354,0,1712895000.5065742,0.7456,0.9237248852849007,0.0,0.0,0.0,0.0,10,1
mnist,LogisticRegressor,50,Full,Hessian,Sekhari,FD,1,60000,0.01,0.1,0.01,0.8939,0.37592079723253846,[21264],355,0,1712895008.0705729,0.7445,0.923985455930233,0.0,0.0,0.0,0.0,10,6
mnist,LogisticRegressor,50,Full,Hessian,Sekhari,FD,1,60000,0.01,0.1,0.01,0.8939,0.37592079723253846,[5056],356,0,1712895015.5579298,0.748,0.9035747684538364,0.0,0.0,0.0,0.0,10,2
mnist,LogisticRegressor,50,Full,Hessian,Sekhari,FD,1,60000,0.01,0.1,0.01,0.8939,0.37592079723253846,[7896],357,0,1712895022.0327528,0.7465,0.9109779722988606,0.0,0.0,0.0,0.0,10,7
mnist,LogisticRegressor,50,Full,Hessian,Sekhari,FD,1,60000,0.01,0.1,0.01,0.8939,0.37592079723253846,[21574],358,0,1712895055.9776838,0.752,0.8947362810373306,0.0,0.0,0.0,0.0,10,8
mnist,LogisticRegressor,50,Full,Hessian,Sekhari,FD,1,60000,0.01,0.1,0.01,0.8939,0.37592079723253846,[57641],359,0,1712895063.050703,0.7509,0.8929241009056568,0.0,0.0,0.0,0.0,10,7
mnist,LogisticRegressor,50,Full,Hessian,Sekhari,FD,1,60000,0.01,0.1,0.01,0.8939,0.37592079723253846,[15322],360,0,1712895070.5551257,0.751,0.894142646342516,0.0,0.0,0.0,0.0,10,1
mnist,LogisticRegressor,50,Full,Hessian,Sekhari,FD,1,60000,0.01,0.1,0.01,0.8939,0.37592079723253846,[31227],361,0,1712895078.0276678,0.7516,0.8983633115887641,79.39083099365234,79.59712219238281,58.32329304302789,58.32329304302789,10,9
mnist,LogisticRegressor,50,Full,Hessian,Sekhari,FD,1,60000,0.01,0.1,0.01,0.8939,0.37592079723253846,[10834],362,0,1712895113.1610608,0.7537,0.8863599434494972,0.0,0.0,0.0,0.0,10,1
mnist,LogisticRegressor,50,Full,Hessian,Sekhari,FD,1,60000,0.01,0.1,0.01,0.8939,0.37592079723253846,[55542],363,0,1712895119.815197,0.7558,0.8748193398118019,0.0,0.0,0.0,0.0,10,3
mnist,LogisticRegressor,50,Full,Hessian,Sekhari,FD,1,60000,0.01,0.1,0.01,0.8939,0.37592079723253846,[1899],364,0,1712895126.94214,0.7565,0.868193668872118,0.0,0.0,0.0,0.0,10,9
mnist,LogisticRegressor,50,Full,Hessian,Sekhari,FD,1,60000,0.01,0.1,0.01,0.8939,0.37592079723253846,[31133],365,0,1712895134.4461148,0.7597,0.8498062536120414,79.77880096435547,79.65373992919922,58.568498632843,58.568498632843,10,3
mnist,LogisticRegressor,50,Full,Hessian,Sekhari,FD,1,60000,0.01,0.1,0.01,0.8939,0.37592079723253846,[17917],366,0,1712895141.6928837,0.7584,0.854761391878128,0.0,0.0,0.0,0.0,10,1
mnist,LogisticRegressor,50,Full,Hessian,Sekhari,FD,1,60000,0.01,0.1,0.01,0.8939,0.37592079723253846,[23513],367,0,1712895176.5971427,0.7607,0.8477623783051967,0.0,0.0,0.0,0.0,10,0
mnist,LogisticRegressor,50,Full,Hessian,Sekhari,FD,1,60000,0.01,0.1,0.01,0.8939,0.37592079723253846,[57019],368,0,1712895183.8133364,0.7618,0.8377578541636467,68.8311538696289,68.86946868896484,50.70512762402912,50.70512762402912,10,3
mnist,LogisticRegressor,50,Full,Hessian,Sekhari,FD,1,60000,0.01,0.1,0.01,0.8939,0.37592079723253846,[21617],369,0,1712895190.7817385,0.7581,0.8501397863030433,79.73405456542969,79.75181579589844,59.520842972990145,59.520842972990145,10,0
mnist,LogisticRegressor,50,Full,Hessian,Sekhari,FD,1,60000,0.01,0.1,0.01,0.8939,0.37592079723253846,[20783],370,0,1712895196.909725,0.7638,0.8359328150749207,66.27361297607422,66.79721069335938,51.61127911916232,51.61127911916232,10,9
mnist,LogisticRegressor,50,Full,Hessian,Sekhari,FD,1,60000,0.01,0.1,0.01,0.8939,0.37592079723253846,[58819],371,0,1712895231.1902592,0.7663,0.8312357947230339,0.0,0.0,0.0,0.0,10,4
mnist,LogisticRegressor,50,Full,Hessian,Sekhari,FD,1,60000,0.01,0.1,0.01,0.8939,0.37592079723253846,[32087],372,0,1712895238.3640244,0.766,0.8314419128000736,0.0,0.0,0.0,0.0,10,6
mnist,LogisticRegressor,50,Full,Hessian,Sekhari,FD,1,60000,0.01,0.1,0.01,0.8939,0.37592079723253846,[39834],373,0,1712895245.7454906,0.7663,0.8384550787508488,0.0,0.0,0.0,0.0,10,1
mnist,LogisticRegressor,50,Full,Hessian,Sekhari,FD,1,60000,0.01,0.1,0.01,0.8939,0.37592079723253846,[34840],374,0,1712895252.9509618,0.7648,0.8415492109954357,0.0,0.0,0.0,0.0,10,7
mnist,LogisticRegressor,50,Full,Hessian,Sekhari,FD,1,60000,0.01,0.1,0.01,0.8939,0.37592079723253846,[40852],375,0,1712895259.5338902,0.7635,0.8455583058297634,0.0,0.0,0.0,0.0,10,1
mnist,LogisticRegressor,50,Full,Hessian,Sekhari,FD,1,60000,0.01,0.1,0.01,0.8939,0.37592079723253846,[55725],376,0,1712895291.895457,0.7636,0.8414483740925789,80.73369598388672,80.80484008789062,55.97842290694617,55.97842290694617,10,9
mnist,LogisticRegressor,50,Full,Hessian,Sekhari,FD,1,60000,0.01,0.1,0.01,0.8939,0.37592079723253846,[30104],377,0,1712895299.0260231,0.7639,0.8394752003252506,78.68385314941406,78.30242156982422,57.62681075546561,57.62681075546561,10,0
mnist,LogisticRegressor,50,Full,Hessian,Sekhari,FD,1,60000,0.01,0.1,0.01,0.8939,0.37592079723253846,[17633],378,0,1712895306.7881107,0.7624,0.8514931119978428,0.0,0.0,0.0,0.0,10,7
mnist,LogisticRegressor,50,Full,Hessian,Sekhari,FD,1,60000,0.01,0.1,0.01,0.8939,0.37592079723253846,[26090],379,0,1712895314.0111198,0.7579,0.8651199132204056,0.0,0.0,0.0,0.0,10,0
mnist,LogisticRegressor,50,Full,Hessian,Sekhari,FD,1,60000,0.01,0.1,0.01,0.8939,0.37592079723253846,[32300],380,0,1712895320.9474368,0.7576,0.8681772850453854,0.0,0.0,0.0,0.0,10,4
mnist,LogisticRegressor,50,Full,Hessian,Sekhari,FD,1,60000,0.01,0.1,0.01,0.8939,0.37592079723253846,[3094],381,0,1712895354.9272234,0.7604,0.8556037984788418,0.0,0.0,0.0,0.0,10,1
mnist,LogisticRegressor,50,Full,Hessian,Sekhari,FD,1,60000,0.01,0.1,0.01,0.8939,0.37592079723253846,[48461],382,0,1712895362.3604636,0.7631,0.8468515507876873,87.16697692871094,87.30680084228516,62.779732303035026,62.779732303035026,10,2
mnist,LogisticRegressor,50,Full,Hessian,Sekhari,FD,1,60000,0.01,0.1,0.01,0.8939,0.37592079723253846,[23402],383,0,1712895369.1359487,0.7635,0.8481956459581852,84.59581756591797,84.44561767578125,62.08390031000408,62.08390031000408,10,2
mnist,LogisticRegressor,50,Full,Hessian,Sekhari,FD,1,60000,0.01,0.1,0.01,0.8939,0.37592079723253846,[57993],384,0,1712895375.9635417,0.7653,0.837397487461567,0.0,0.0,0.0,0.0,10,7
mnist,LogisticRegressor,50,Full,Hessian,Sekhari,FD,1,60000,0.01,0.1,0.01,0.8939,0.37592079723253846,[38059],385,0,1712895411.203952,0.7638,0.8374645203351975,0.0,0.0,0.0,0.0,10,5
mnist,LogisticRegressor,50,Full,Hessian,Sekhari,FD,1,60000,0.01,0.1,0.01,0.8939,0.37592079723253846,[51282],386,0,1712895418.7260504,0.7655,0.8284807480871678,86.7666015625,86.666748046875,64.85360171900646,64.85360171900646,10,4
mnist,LogisticRegressor,50,Full,Hessian,Sekhari,FD,1,60000,0.01,0.1,0.01,0.8939,0.37592079723253846,[22757],387,0,1712895425.83064,0.7642,0.8317467823624611,0.0,0.0,0.0,0.0,10,4
mnist,LogisticRegressor,50,Full,Hessian,Sekhari,FD,1,60000,0.01,0.1,0.01,0.8939,0.37592079723253846,[19090],388,0,1712895432.6672094,0.7597,0.8501430131494999,74.50682830810547,74.44082641601562,52.18210052850817,52.18210052850817,10,7
mnist,LogisticRegressor,50,Full,Hessian,Sekhari,FD,1,60000,0.01,0.1,0.01,0.8939,0.37592079723253846,[32305],389,0,1712895439.404105,0.7625,0.8415145389735699,73.29244995117188,73.1121597290039,56.97869280228333,56.97869280228333,10,7
mnist,LogisticRegressor,50,Full,Hessian,Sekhari,FD,1,60000,0.01,0.1,0.01,0.8939,0.37592079723253846,[13215],390,0,1712895472.522835,0.7604,0.8479563243687153,0.0,0.0,0.0,0.0,10,5
mnist,LogisticRegressor,50,Full,Hessian,Sekhari,FD,1,60000,0.01,0.1,0.01,0.8939,0.37592079723253846,[55267],391,0,1712895478.9884186,0.7598,0.8581857599318028,0.0,0.0,0.0,0.0,10,4
mnist,LogisticRegressor,50,Full,Hessian,Sekhari,FD,1,60000,0.01,0.1,0.01,0.8939,0.37592079723253846,[51285],392,0,1712895485.891813,0.763,0.8462704792618752,84.34931945800781,84.11626434326172,60.01770547512213,60.01770547512213,10,9
mnist,LogisticRegressor,50,Full,Hessian,Sekhari,FD,1,60000,0.01,0.1,0.01,0.8939,0.37592079723253846,[45387],393,0,1712895493.2610493,0.761,0.8492037147283554,83.73784637451172,83.94194030761719,59.00856442155844,59.00856442155844,10,5
mnist,LogisticRegressor,50,Full,Hessian,Sekhari,FD,1,60000,0.01,0.1,0.01,0.8939,0.37592079723253846,[24473],394,0,1712895499.7927327,0.7592,0.8566802322864533,0.0,0.0,0.0,0.0,10,5
mnist,LogisticRegressor,50,Full,Hessian,Sekhari,FD,1,60000,0.01,0.1,0.01,0.8939,0.37592079723253846,[12072],395,0,1712895533.9298003,0.7617,0.8445103950798512,0.0,0.0,0.0,0.0,10,8
mnist,LogisticRegressor,50,Full,Hessian,Sekhari,FD,1,60000,0.01,0.1,0.01,0.8939,0.37592079723253846,[46321],396,0,1712895540.563967,0.7642,0.8383183278143406,0.0,0.0,0.0,0.0,10,1
mnist,LogisticRegressor,50,Full,Hessian,Sekhari,FD,1,60000,0.01,0.1,0.01,0.8939,0.37592079723253846,[59315],397,0,1712895547.754726,0.7638,0.8392251983284951,0.0,0.0,0.0,0.0,10,7
mnist,LogisticRegressor,50,Full,Hessian,Sekhari,FD,1,60000,0.01,0.1,0.01,0.8939,0.37592079723253846,[17381],398,0,1712895555.3063884,0.7607,0.8524107232689857,0.0,0.0,0.0,0.0,10,7
mnist,LogisticRegressor,50,Full,Hessian,Sekhari,FD,1,60000,0.01,0.1,0.01,0.8939,0.37592079723253846,[29186],399,0,1712895591.597533,0.7596,0.8600885942578316,0.0,0.0,0.0,0.0,10,6
mnist,LogisticRegressor,50,Full,Hessian,Sekhari,FD,1,60000,0.01,0.1,0.01,0.8939,0.37592079723253846,[27193],400,0,1712895598.3353946,0.7615,0.845363511890173,0.0,0.0,0.0,0.0,10,4
mnist,LogisticRegressor,50,Full,Hessian,Sekhari,FD,1,60000,0.01,0.1,0.01,0.8939,0.37592079723253846,[4773],401,0,1712895605.3642423,0.7689,0.8217250958085061,0.0,0.0,0.0,0.0,10,1
mnist,LogisticRegressor,50,Full,Hessian,Sekhari,FD,1,60000,0.01,0.1,0.01,0.8939,0.37592079723253846,[29411],402,0,1712895612.7413547,0.7688,0.8240226313471795,86.23225402832031,86.10894775390625,59.647455244387224,59.647455244387224,10,3
mnist,LogisticRegressor,50,Full,Hessian,Sekhari,FD,1,60000,0.01,0.1,0.01,0.8939,0.37592079723253846,[57013],403,0,1712895619.7089984,0.7668,0.8268612518906593,0.0,0.0,0.0,0.0,10,8
mnist,LogisticRegressor,50,Full,Hessian,Sekhari,FD,1,60000,0.01,0.1,0.01,0.8939,0.37592079723253846,[31346],404,0,1712895653.3386295,0.7661,0.8411930114030838,0.0,0.0,0.0,0.0,10,2
mnist,LogisticRegressor,50,Full,Hessian,Sekhari,FD,1,60000,0.01,0.1,0.01,0.8939,0.37592079723253846,[45560],405,0,1712895660.8492322,0.7594,0.8630916528403759,87.65142059326172,87.76163482666016,60.84693845654272,60.84693845654272,10,9
mnist,LogisticRegressor,50,Full,Hessian,Sekhari,FD,1,60000,0.01,0.1,0.01,0.8939,0.37592079723253846,[45830],406,0,1712895668.1212807,0.7626,0.8445772059261799,0.0,0.0,0.0,0.0,10,4
mnist,LogisticRegressor,50,Full,Hessian,Sekhari,FD,1,60000,0.01,0.1,0.01,0.8939,0.37592079723253846,[42280],407,0,1712895675.3092587,0.7609,0.8522757418453694,0.0,0.0,0.0,0.0,10,2
mnist,LogisticRegressor,50,Full,Hessian,Sekhari,FD,1,60000,0.01,0.1,0.01,0.8939,0.37592079723253846,[49421],408,0,1712895682.5267563,0.7648,0.8373213164508343,0.0,0.0,0.0,0.0,10,8
mnist,LogisticRegressor,50,Full,Hessian,Sekhari,FD,1,60000,0.01,0.1,0.01,0.8939,0.37592079723253846,[21059],409,0,1712895716.5172367,0.7618,0.8472658589482307,72.42938995361328,72.86260986328125,53.48005131762007,53.48005131762007,10,3
mnist,LogisticRegressor,50,Full,Hessian,Sekhari,FD,1,60000,0.01,0.1,0.01,0.8939,0.37592079723253846,[20464],410,0,1712895723.5570548,0.7631,0.8453958690166473,73.03616333007812,73.38732147216797,51.52977825677563,51.52977825677563,10,6
mnist,LogisticRegressor,50,Full,Hessian,Sekhari,FD,1,60000,0.01,0.1,0.01,0.8939,0.37592079723253846,[30396],411,0,1712895730.9771085,0.7628,0.8479966312646866,0.0,0.0,0.0,0.0,10,6
mnist,LogisticRegressor,50,Full,Hessian,Sekhari,FD,1,60000,0.01,0.1,0.01,0.8939,0.37592079723253846,[57850],412,0,1712895738.2346911,0.7637,0.8389396846294404,84.948486328125,84.8834228515625,57.93569341635339,57.93569341635339,10,1
mnist,LogisticRegressor,50,Full,Hessian,Sekhari,FD,1,60000,0.01,0.1,0.01,0.8939,0.37592079723253846,[33917],413,0,1712895772.359554,0.7657,0.824398598074913,81.56784057617188,81.67552947998047,56.03054937661658,56.03054937661658,10,9
mnist,LogisticRegressor,50,Full,Hessian,Sekhari,FD,1,60000,0.01,0.1,0.01,0.8939,0.37592079723253846,[56032],414,0,1712895779.6905437,0.7659,0.8236646965146065,0.0,0.0,0.0,0.0,10,4
mnist,LogisticRegressor,50,Full,Hessian,Sekhari,FD,1,60000,0.01,0.1,0.01,0.8939,0.37592079723253846,[24182],415,0,1712895786.7497497,0.7664,0.8281658925116062,84.76510620117188,84.74095153808594,60.09052691926138,60.09052691926138,10,6
mnist,LogisticRegressor,50,Full,Hessian,Sekhari,FD,1,60000,0.01,0.1,0.01,0.8939,0.37592079723253846,[15864],416,0,1712895793.965361,0.7667,0.8345061413943767,0.0,0.0,0.0,0.0,10,9
mnist,LogisticRegressor,50,Full,Hessian,Sekhari,FD,1,60000,0.01,0.1,0.01,0.8939,0.37592079723253846,[30705],417,0,1712895800.8163884,0.767,0.8340681493282318,76.66761779785156,76.89915466308594,57.23243346844544,57.23243346844544,10,4
mnist,LogisticRegressor,50,Full,Hessian,Sekhari,FD,1,60000,0.01,0.1,0.01,0.8939,0.37592079723253846,[33366],418,0,1712895834.4919631,0.7662,0.8425948716700077,0.0,0.0,0.0,0.0,10,8
mnist,LogisticRegressor,50,Full,Hessian,Sekhari,FD,1,60000,0.01,0.1,0.01,0.8939,0.37592079723253846,[47880],419,0,1712895841.704398,0.765,0.8478421211242676,0.0,0.0,0.0,0.0,10,3
mnist,LogisticRegressor,50,Full,Hessian,Sekhari,FD,1,60000,0.01,0.1,0.01,0.8939,0.37592079723253846,[50335],420,0,1712895848.9501336,0.7667,0.840428201854229,81.89942169189453,81.86785888671875,56.49867840644893,56.49867840644893,10,9
mnist,LogisticRegressor,50,Full,Hessian,Sekhari,FD,1,60000,0.01,0.1,0.01,0.8939,0.37592079723253846,[22667],421,0,1712895856.44889,0.7678,0.8298706613481045,0.0,0.0,0.0,0.0,10,6
mnist,LogisticRegressor,50,Full,Hessian,Sekhari,FD,1,60000,0.01,0.1,0.01,0.8939,0.37592079723253846,[37552],422,0,1712895891.8359187,0.7698,0.8233668878674507,0.0,0.0,0.0,0.0,10,6
mnist,LogisticRegressor,50,Full,Hessian,Sekhari,FD,1,60000,0.01,0.1,0.01,0.8939,0.37592079723253846,[28577],423,0,1712895899.3905923,0.7685,0.8272505387663841,74.8711929321289,75.31124877929688,58.19943581024863,58.19943581024863,10,3
mnist,LogisticRegressor,50,Full,Hessian,Sekhari,FD,1,60000,0.01,0.1,0.01,0.8939,0.37592079723253846,[51068],424,0,1712895905.8173351,0.7666,0.8307518713176251,76.35323333740234,76.25666046142578,55.62298444219025,55.62298444219025,10,4
mnist,LogisticRegressor,50,Full,Hessian,Sekhari,FD,1,60000,0.01,0.1,0.01,0.8939,0.37592079723253846,[16620],425,0,1712895913.1222038,0.765,0.8418544493615627,0.0,0.0,0.0,0.0,10,1
mnist,LogisticRegressor,50,Full,Hessian,Sekhari,FD,1,60000,0.01,0.1,0.01,0.8939,0.37592079723253846,[36825],426,0,1712895919.7063313,0.7643,0.8492396265268326,0.0,0.0,0.0,0.0,10,6
mnist,LogisticRegressor,50,Full,Hessian,Sekhari,FD,1,60000,0.01,0.1,0.01,0.8939,0.37592079723253846,[52592],427,0,1712895953.766287,0.7602,0.8654131755232811,73.09097290039062,73.25364685058594,53.593518025955724,53.593518025955724,10,3
mnist,LogisticRegressor,50,Full,Hessian,Sekhari,FD,1,60000,0.01,0.1,0.01,0.8939,0.37592079723253846,[42429],428,0,1712895960.862944,0.7616,0.8638658285140991,0.0,0.0,0.0,0.0,10,0
mnist,LogisticRegressor,50,Full,Hessian,Sekhari,FD,1,60000,0.01,0.1,0.01,0.8939,0.37592079723253846,[45996],429,0,1712895967.8449862,0.762,0.8604336179792881,0.0,0.0,0.0,0.0,10,1
mnist,LogisticRegressor,50,Full,Hessian,Sekhari,FD,1,60000,0.01,0.1,0.01,0.8939,0.37592079723253846,[25390],430,0,1712895974.5712812,0.7629,0.8583466112613678,0.0,0.0,0.0,0.0,10,6
mnist,LogisticRegressor,50,Full,Hessian,Sekhari,FD,1,60000,0.01,0.1,0.01,0.8939,0.37592079723253846,[1173],431,0,1712895981.5187738,0.7598,0.8666948094964028,0.0,0.0,0.0,0.0,10,1
mnist,LogisticRegressor,50,Full,Hessian,Sekhari,FD,1,60000,0.01,0.1,0.01,0.8939,0.37592079723253846,[30677],432,0,1712896015.763302,0.7582,0.8746082991361618,0.0,0.0,0.0,0.0,10,2
mnist,LogisticRegressor,50,Full,Hessian,Sekhari,FD,1,60000,0.01,0.1,0.01,0.8939,0.37592079723253846,[34038],433,0,1712896022.9795446,0.7592,0.8767712496221065,0.0,0.0,0.0,0.0,10,0
mnist,LogisticRegressor,50,Full,Hessian,Sekhari,FD,1,60000,0.01,0.1,0.01,0.8939,0.37592079723253846,[34129],434,0,1712896031.0180337,0.7563,0.8790436506271362,0.0,0.0,0.0,0.0,10,8
mnist,LogisticRegressor,50,Full,Hessian,Sekhari,FD,1,60000,0.01,0.1,0.01,0.8939,0.37592079723253846,[41125],435,0,1712896038.106695,0.7567,0.8730068638920784,0.0,0.0,0.0,0.0,10,1
mnist,LogisticRegressor,50,Full,Hessian,Sekhari,FD,1,60000,0.01,0.1,0.01,0.8939,0.37592079723253846,[31388],436,0,1712896072.5714908,0.7539,0.8828349150717258,0.0,0.0,0.0,0.0,10,8
mnist,LogisticRegressor,50,Full,Hessian,Sekhari,FD,1,60000,0.01,0.1,0.01,0.8939,0.37592079723253846,[7254],437,0,1712896080.1135662,0.7526,0.8913761727511883,0.0,0.0,0.0,0.0,10,6
mnist,LogisticRegressor,50,Full,Hessian,Sekhari,FD,1,60000,0.01,0.1,0.01,0.8939,0.37592079723253846,[54879],438,0,1712896086.927313,0.7547,0.883772499114275,0.0,0.0,0.0,0.0,10,1
mnist,LogisticRegressor,50,Full,Hessian,Sekhari,FD,1,60000,0.01,0.1,0.01,0.8939,0.37592079723253846,[16680],439,0,1712896094.4638891,0.753,0.890448122471571,0.0,0.0,0.0,0.0,10,8
mnist,LogisticRegressor,50,Full,Hessian,Sekhari,FD,1,60000,0.01,0.1,0.01,0.8939,0.37592079723253846,[30312],440,0,1712896102.0579782,0.7502,0.8986665859818459,0.0,0.0,0.0,0.0,10,6
mnist,LogisticRegressor,50,Full,Hessian,Sekhari,FD,1,60000,0.01,0.1,0.01,0.8939,0.37592079723253846,[39225],441,0,1712896137.8658562,0.7447,0.9134996563196183,0.0,0.0,0.0,0.0,10,2
mnist,LogisticRegressor,50,Full,Hessian,Sekhari,FD,1,60000,0.01,0.1,0.01,0.8939,0.37592079723253846,[23699],442,0,1712896144.896451,0.7472,0.9035836264491082,0.0,0.0,0.0,0.0,10,7
mnist,LogisticRegressor,50,Full,Hessian,Sekhari,FD,1,60000,0.01,0.1,0.01,0.8939,0.37592079723253846,[56259],443,0,1712896152.3017015,0.7463,0.9188544124364852,0.0,0.0,0.0,0.0,10,1
mnist,LogisticRegressor,50,Full,Hessian,Sekhari,FD,1,60000,0.01,0.1,0.01,0.8939,0.37592079723253846,[59919],444,0,1712896159.4514644,0.7474,0.9240173414349556,0.0,0.0,0.0,0.0,10,3
mnist,LogisticRegressor,50,Full,Hessian,Sekhari,FD,1,60000,0.01,0.1,0.01,0.8939,0.37592079723253846,[31323],445,0,1712896193.1863108,0.7462,0.9259245797991753,0.0,0.0,0.0,0.0,10,2
mnist,LogisticRegressor,50,Full,Hessian,Sekhari,FD,1,60000,0.01,0.1,0.01,0.8939,0.37592079723253846,[38070],446,0,1712896200.0194776,0.7452,0.9250327296555042,83.19789123535156,83.42810821533203,57.43246490101247,57.43246490101247,10,0
mnist,LogisticRegressor,50,Full,Hessian,Sekhari,FD,1,60000,0.01,0.1,0.01,0.8939,0.37592079723253846,[41354],447,0,1712896207.469246,0.7473,0.9214744478464126,80.32257080078125,80.10649108886719,55.79124226929313,55.79124226929313,10,9
mnist,LogisticRegressor,50,Full,Hessian,Sekhari,FD,1,60000,0.01,0.1,0.01,0.8939,0.37592079723253846,[58523],448,0,1712896214.9945753,0.7468,0.9348300382494926,85.41836547851562,85.4203872680664,59.803588976622976,59.803588976622976,10,9
mnist,LogisticRegressor,50,Full,Hessian,Sekhari,FD,1,60000,0.01,0.1,0.01,0.8939,0.37592079723253846,[47531],449,0,1712896251.235764,0.7398,0.9541049689054489,0.0,0.0,0.0,0.0,10,7
mnist,LogisticRegressor,50,Full,Hessian,Sekhari,FD,1,60000,0.01,0.1,0.01,0.8939,0.37592079723253846,[44716],450,0,1712896258.432104,0.7428,0.9430265314877033,0.0,0.0,0.0,0.0,10,4
mnist,LogisticRegressor,50,Full,Hessian,Sekhari,FD,1,60000,0.01,0.1,0.01,0.8939,0.37592079723253846,[50558],451,0,1712896265.626768,0.7416,0.947488421201706,86.15545654296875,86.50264739990234,58.11808856341694,58.11808856341694,10,9
mnist,LogisticRegressor,50,Full,Hessian,Sekhari,FD,1,60000,0.01,0.1,0.01,0.8939,0.37592079723253846,[49348],452,0,1712896273.7978706,0.7371,0.9649587146937847,0.0,0.0,0.0,0.0,10,3
mnist,LogisticRegressor,50,Full,Hessian,Sekhari,FD,1,60000,0.01,0.1,0.01,0.8939,0.37592079723253846,[55130],453,0,1712896281.1767895,0.7395,0.9531996868550777,0.0,0.0,0.0,0.0,10,7
mnist,LogisticRegressor,50,Full,Hessian,Sekhari,FD,1,60000,0.01,0.1,0.01,0.8939,0.37592079723253846,[1568],454,0,1712896313.512368,0.738,0.9595044367015362,0.0,0.0,0.0,0.0,10,6
mnist,LogisticRegressor,50,Full,Hessian,Sekhari,FD,1,60000,0.01,0.1,0.01,0.8939,0.37592079723253846,[49494],455,0,1712896320.8008878,0.7385,0.9616696402430535,0.0,0.0,0.0,0.0,10,1
mnist,LogisticRegressor,50,Full,Hessian,Sekhari,FD,1,60000,0.01,0.1,0.01,0.8939,0.37592079723253846,[48156],456,0,1712896328.5074568,0.7408,0.9583542950451374,0.0,0.0,0.0,0.0,10,4
mnist,LogisticRegressor,50,Full,Hessian,Sekhari,FD,1,60000,0.01,0.1,0.01,0.8939,0.37592079723253846,[67],457,0,1712896335.5136166,0.7392,0.9637855112552642,84.72045135498047,85.04855346679688,55.767835184217134,55.767835184217134,10,9
mnist,LogisticRegressor,50,Full,Hessian,Sekhari,FD,1,60000,0.01,0.1,0.01,0.8939,0.37592079723253846,[44225],458,0,1712896372.091111,0.7382,0.9791275843977928,0.0,0.0,0.0,0.0,10,7
mnist,LogisticRegressor,50,Full,Hessian,Sekhari,FD,1,60000,0.01,0.1,0.01,0.8939,0.37592079723253846,[31276],459,0,1712896379.2788563,0.7386,0.9691195301711559,0.0,0.0,0.0,0.0,10,8
mnist,LogisticRegressor,50,Full,Hessian,Sekhari,FD,1,60000,0.01,0.1,0.01,0.8939,0.37592079723253846,[15073],460,0,1712896387.135842,0.7411,0.9641688525676727,0.0,0.0,0.0,0.0,10,4
mnist,LogisticRegressor,50,Full,Hessian,Sekhari,FD,1,60000,0.01,0.1,0.01,0.8939,0.37592079723253846,[57186],461,0,1712896393.9967194,0.738,0.9755668379366398,0.0,0.0,0.0,0.0,10,5
mnist,LogisticRegressor,50,Full,Hessian,Sekhari,FD,1,60000,0.01,0.1,0.01,0.8939,0.37592079723253846,[31300],462,0,1712896401.4128864,0.7403,0.9563317760825157,84.90409088134766,84.30350494384766,57.031391879082385,57.031391879082385,10,5
mnist,LogisticRegressor,50,Full,Hessian,Sekhari,FD,1,60000,0.01,0.1,0.01,0.8939,0.37592079723253846,[6384],463,0,1712896434.1100078,0.7439,0.9428668141365051,87.76099395751953,87.85758209228516,59.561225406568376,59.561225406568376,10,9
mnist,LogisticRegressor,50,Full,Hessian,Sekhari,FD,1,60000,0.01,0.1,0.01,0.8939,0.37592079723253846,[19386],464,0,1712896441.3189013,0.7369,0.9768392078578472,0.0,0.0,0.0,0.0,10,8
mnist,LogisticRegressor,50,Full,Hessian,Sekhari,FD,1,60000,0.01,0.1,0.01,0.8939,0.37592079723253846,[15768],465,0,1712896448.8135488,0.7315,0.9984223917126656,88.65966796875,88.30842590332031,60.947527776438875,60.947527776438875,10,9
mnist,LogisticRegressor,50,Full,Hessian,Sekhari,FD,1,60000,0.01,0.1,0.01,0.8939,0.37592079723253846,[25409],466,0,1712896456.1209493,0.7294,1.0038784191012382,0.0,0.0,0.0,0.0,10,3
mnist,LogisticRegressor,50,Full,Hessian,Sekhari,FD,1,60000,0.01,0.1,0.01,0.8939,0.37592079723253846,[55647],467,0,1712896491.9363527,0.7283,1.02379454895854,0.0,0.0,0.0,0.0,10,9
mnist,LogisticRegressor,50,Full,Hessian,Sekhari,FD,1,60000,0.01,0.1,0.01,0.8939,0.37592079723253846,[51296],468,0,1712896499.0679066,0.733,0.9980241917073727,0.0,0.0,0.0,0.0,10,0
mnist,LogisticRegressor,50,Full,Hessian,Sekhari,FD,1,60000,0.01,0.1,0.01,0.8939,0.37592079723253846,[503],469,0,1712896506.1217313,0.7344,0.9942898221313954,88.43022918701172,88.9385757446289,60.20118357334679,60.20118357334679,10,8
mnist,LogisticRegressor,50,Full,Hessian,Sekhari,FD,1,60000,0.01,0.1,0.01,0.8939,0.37592079723253846,[9559],470,0,1712896513.7381635,0.7355,0.9904180862009525,0.0,0.0,0.0,0.0,10,7
mnist,LogisticRegressor,50,Full,Hessian,Sekhari,FD,1,60000,0.01,0.1,0.01,0.8939,0.37592079723253846,[6974],471,0,1712896520.8957896,0.736,0.9858366407454013,0.0,0.0,0.0,0.0,10,1
mnist,LogisticRegressor,50,Full,Hessian,Sekhari,FD,1,60000,0.01,0.1,0.01,0.8939,0.37592079723253846,[38515],472,0,1712896553.718318,0.7394,0.9662450224161148,87.13775634765625,86.78421783447266,60.61508301055763,60.61508301055763,10,5
mnist,LogisticRegressor,50,Full,Hessian,Sekhari,FD,1,60000,0.01,0.1,0.01,0.8939,0.37592079723253846,[10594],473,0,1712896561.5866306,0.7393,0.9644129291176796,0.0,0.0,0.0,0.0,10,5
mnist,LogisticRegressor,50,Full,Hessian,Sekhari,FD,1,60000,0.01,0.1,0.01,0.8939,0.37592079723253846,[28617],474,0,1712896568.4103143,0.7363,0.9839475467801094,85.11947631835938,85.1175765991211,57.20931965087096,57.20931965087096,10,3
mnist,LogisticRegressor,50,Full,Hessian,Sekhari,FD,1,60000,0.01,0.1,0.01,0.8939,0.37592079723253846,[39260],475,0,1712896576.385861,0.7385,0.9752051629126072,0.0,0.0,0.0,0.0,10,2
mnist,LogisticRegressor,50,Full,Hessian,Sekhari,FD,1,60000,0.01,0.1,0.01,0.8939,0.37592079723253846,[9409],476,0,1712896612.4945316,0.7351,0.9894067354500293,0.0,0.0,0.0,0.0,10,2
mnist,LogisticRegressor,50,Full,Hessian,Sekhari,FD,1,60000,0.01,0.1,0.01,0.8939,0.37592079723253846,[9311],477,0,1712896620.0418124,0.7316,1.0053570449352265,0.0,0.0,0.0,0.0,10,4
mnist,LogisticRegressor,50,Full,Hessian,Sekhari,FD,1,60000,0.01,0.1,0.01,0.8939,0.37592079723253846,[2358],478,0,1712896627.2307334,0.7337,0.996629410982132,0.0,0.0,0.0,0.0,10,0
mnist,LogisticRegressor,50,Full,Hessian,Sekhari,FD,1,60000,0.01,0.1,0.01,0.8939,0.37592079723253846,[27302],479,0,1712896634.5878396,0.7348,0.9904899276793003,0.0,0.0,0.0,0.0,10,6
mnist,LogisticRegressor,50,Full,Hessian,Sekhari,FD,1,60000,0.01,0.1,0.01,0.8939,0.37592079723253846,[18022],480,0,1712896641.8769653,0.7375,0.9861455366015435,0.0,0.0,0.0,0.0,10,1
mnist,LogisticRegressor,50,Full,Hessian,Sekhari,FD,1,60000,0.01,0.1,0.01,0.8939,0.37592079723253846,[24664],481,0,1712896676.0667026,0.7345,0.9829709559679032,0.0,0.0,0.0,0.0,10,2
mnist,LogisticRegressor,50,Full,Hessian,Sekhari,FD,1,60000,0.01,0.1,0.01,0.8939,0.37592079723253846,[28713],482,0,1712896683.4068887,0.7353,0.9902046643197536,0.0,0.0,0.0,0.0,10,4
mnist,LogisticRegressor,50,Full,Hessian,Sekhari,FD,1,60000,0.01,0.1,0.01,0.8939,0.37592079723253846,[55141],483,0,1712896690.718888,0.7368,0.9843468770384789,0.0,0.0,0.0,0.0,10,1
mnist,LogisticRegressor,50,Full,Hessian,Sekhari,FD,1,60000,0.01,0.1,0.01,0.8939,0.37592079723253846,[20520],484,0,1712896698.6510098,0.7398,0.9743803560733795,0.0,0.0,0.0,0.0,10,7
mnist,LogisticRegressor,50,Full,Hessian,Sekhari,FD,1,60000,0.01,0.1,0.01,0.8939,0.37592079723253846,[52066],485,0,1712896732.8376682,0.7378,0.981289454549551,0.0,0.0,0.0,0.0,10,8
mnist,LogisticRegressor,50,Full,Hessian,Sekhari,FD,1,60000,0.01,0.1,0.01,0.8939,0.37592079723253846,[5921],486,0,1712896740.0463922,0.7399,0.970076210051775,0.0,0.0,0.0,0.0,10,6
mnist,LogisticRegressor,50,Full,Hessian,Sekhari,FD,1,60000,0.01,0.1,0.01,0.8939,0.37592079723253846,[23098],487,0,1712896747.3910322,0.7389,0.9778947673738003,0.0,0.0,0.0,0.0,10,3
mnist,LogisticRegressor,50,Full,Hessian,Sekhari,FD,1,60000,0.01,0.1,0.01,0.8939,0.37592079723253846,[46962],488,0,1712896754.8234599,0.734,0.996576588600874,84.97244262695312,85.46246337890625,59.99859914990312,59.99859914990312,10,9
mnist,LogisticRegressor,50,Full,Hessian,Sekhari,FD,1,60000,0.01,0.1,0.01,0.8939,0.37592079723253846,[25669],489,0,1712896762.3649864,0.7347,0.9997461415827275,78.48855590820312,78.60868072509766,56.393170307511205,56.393170307511205,10,3
mnist,LogisticRegressor,50,Full,Hessian,Sekhari,FD,1,60000,0.01,0.1,0.01,0.8939,0.37592079723253846,[41139],490,0,1712896796.269655,0.7318,1.0052782505750657,0.0,0.0,0.0,0.0,10,4
mnist,LogisticRegressor,50,Full,Hessian,Sekhari,FD,1,60000,0.01,0.1,0.01,0.8939,0.37592079723253846,[35583],491,0,1712896803.6867929,0.7308,1.0234077997505664,0.0,0.0,0.0,0.0,10,1
mnist,LogisticRegressor,50,Full,Hessian,Sekhari,FD,1,60000,0.01,0.1,0.01,0.8939,0.37592079723253846,[12882],492,0,1712896811.2291076,0.7293,1.0180020600557327,0.0,0.0,0.0,0.0,10,5
mnist,LogisticRegressor,50,Full,Hessian,Sekhari,FD,1,60000,0.01,0.1,0.01,0.8939,0.37592079723253846,[9012],493,0,1712896818.6254666,0.7304,1.0250243932008742,0.0,0.0,0.0,0.0,10,2
mnist,LogisticRegressor,50,Full,Hessian,Sekhari,FD,1,60000,0.01,0.1,0.01,0.8939,0.37592079723253846,[27592],494,0,1712896852.990638,0.7318,1.0210257597267627,0.0,0.0,0.0,0.0,10,2
mnist,LogisticRegressor,50,Full,Hessian,Sekhari,FD,1,60000,0.01,0.1,0.01,0.8939,0.37592079723253846,[5714],495,0,1712896860.4488823,0.7284,1.035949132591486,0.0,0.0,0.0,0.0,10,5
mnist,LogisticRegressor,50,Full,Hessian,Sekhari,FD,1,60000,0.01,0.1,0.01,0.8939,0.37592079723253846,[44508],496,0,1712896867.6249206,0.7323,1.0152073808014392,0.0,0.0,0.0,0.0,10,9
mnist,LogisticRegressor,50,Full,Hessian,Sekhari,FD,1,60000,0.01,0.1,0.01,0.8939,0.37592079723253846,[47539],497,0,1712896875.1130645,0.7336,1.0094811171293259,0.0,0.0,0.0,0.0,10,3
mnist,LogisticRegressor,50,Full,Hessian,Sekhari,FD,1,60000,0.01,0.1,0.01,0.8939,0.37592079723253846,[33813],498,0,1712896882.4945357,0.7329,1.014552541077137,0.0,0.0,0.0,0.0,10,4
mnist,LogisticRegressor,50,Full,Hessian,Sekhari,FD,1,60000,0.01,0.1,0.01,0.8939,0.37592079723253846,[28082],499,0,1712896917.0387774,0.737,0.9969620481133461,0.0,0.0,0.0,0.0,10,8
